question,answer,page,category,made_date,exam
軟体動物の内臓は何で覆われているか,外とう膜,P355,jiyujizai,2021/08/13,all
電流、磁界、力の向きは互いに直交しているという関係を覚えやすくしたのが何の法則であるか,フレミングの左手の法則,P102,jiyujizai,2021/08/13,all
磁界の変化によってコイル内に電流を流そうとする電圧が生じるために起こる現象のことを何とよぶか,電磁誘導,P105,jiyujizai,2021/08/13,all
磁界の変化によってコイル内に電流を流そうとする電圧が生じるために起こった現象のときに流れていた電流のことを何と呼ぶか,誘導電流,P105,jiyujizai,2021/08/13,all
誘導電流の向きは磁石の回転とともに変化する電流となったときこのような電流のことを何と呼ぶか,交流,P107,jiyujizai,2021/08/13,all
乾電池のような電源からの電流は流れる向きが一定で変わらない。このような電流のことを何と呼ぶか,直流,P107,jiyujizai,2021/08/13,all
一秒間に電流の流れる向きが変化する回数を何と呼ぶか,周波数,P108,jiyujizai,2021/08/13,all
周波数は何の単位を使うか,ヘルツ(Hz),P108,jiyujizai,2021/08/13,all
水の中で働く圧力を何と呼ぶか,水圧,P114,jiyujizai,2021/08/13,all
液体に触れている面に対して圧力は同じ大きさに垂直に働くという原理のことを何と呼ぶか,パスカルの原理,P115,jiyujizai,2021/08/13,all
水中の物体に上向きに働く力を何と呼ぶか,浮力,P116,jiyujizai,2021/08/13,all
2つ以上の力と同じ働きをする1つの力を何と呼ぶか,合力,P118,jiyujizai,2021/08/13,all
2つ以上の力の合力を求めることを何と呼ぶか,力の合成,P118,jiyujizai,2021/08/13,all
1つの力と同じ働きをする2つ以上の力を何と呼ぶか,分力,P120,jiyujizai,2021/08/13,all
分力を求めることをなんと呼ぶか,力の分解,P120,jiyujizai,2021/08/13,all
自動車などのスピードメーターに表示される速さは刻々と変化している。このような速さを何と呼ぶか,瞬間の速さ,P123,jiyujizai,2021/08/13,all
物体Aが物体Bに加える力を何と呼ぶか,作用,P129,jiyujizai,2021/08/13,all
力を受けた物体Bが反対に物体Aを押し出す力を何と呼ぶか,反作用,P129,jiyujizai,2021/08/13,all
作用と反作用は力の大きさが等しく同一直線状に働き力の向きは反対である。この関係を何と呼ぶか,作用・反作用の法則,P130,jiyujizai,2021/08/13,all
物体に力が働かないとき、一定の速さで一直線状を進む運動を何と呼ぶか,等速直線運動,P131,jiyujizai,2021/08/13,all
一般に外からの力が働かない限り運動している物体は等速直線運動を続け静止している物体はそのまま静止し続ける。これを何の法則というか,慣性の法則,P131,jiyujizai,2021/08/13,all
物体がそれまでの運動を続けようとする性質を何と呼ぶか,慣性,P131,jiyujizai,2021/08/13,all
静止している状態の物体が初速0で落下する運動をなんと呼ぶか,自由落下運動または自由落下,P135,jiyujizai,2021/08/13,all
物体に力を加えてその物体を移動させたときその力は物体に対して何をしたというか,仕事,P142,jiyujizai,2021/08/13,all
道具を使うと小さな力で物体を動かすことができるが動かす距離が大きくなるので仕事の大きさは変わらない。これを何と呼ぶか,仕事の原理,P142,jiyujizai,2021/08/13,all
仕事の能率は単位時間あたりにする仕事の大きさで比べることができこれを何と呼ぶか,仕事率,P150,jiyujizai,2021/08/13,all
他の物体に対して仕事をする能力をなんと呼ぶか,エネルギー,P152,jiyujizai,2021/08/13,all
高い場所にある物体が落ちたときくいに対して仕事をすることから高い場所にある物体はエネルギーを持っている。このエネルギーを何と呼ぶか,位置エネルギー,P152,jiyujizai,2021/08/14,all
運動している物が物に対して仕事をするとエネルギーを持っているということになる。このエネルギーのことを何と呼ぶか,運動エネルギー,P152,jiyujizai,2021/08/14,all
物体の運動に関わるエネルギーは位置エネルギーと運動エネルギーでありこれらの総和を何と呼ぶか,力学的エネルギー,P156,jiyujizai,2021/08/14,all
位置エネルギーと運動エネルギーの和が常に一定になっている状態を何と呼ぶか,力学的エネルギーの保存,P156,jiyujizai,2021/08/14,all
衝突の前後で力学的エネルギーの保存が成り立つ衝突を何と呼ぶか,弾性衝突,P156,jiyujizai,2021/08/14,all
衝突の前後で力学的エネルギーの保存が成り立たない衝突を何と呼ぶか,非弾性衝突,P156,jiyujizai,2021/08/14,all
エネルギーが別の種類のエネルギーにかわることを何と呼ぶか,エネルギー変換,P157,jiyujizai,2021/08/14,all
エネルギーが別の種類のエネルギーにかわることをエネルギー変換というがこのとき投入されたエネルギー量に対する目的のエネルギーに変換されたエネルギー量の割合を何と呼ぶか,エネルギー変換効率,P157,jiyujizai,2021/08/14,all
エネルギー変換では常にエネルギーの一部が熱に変わっている。このことを何と呼ぶか,エネルギーの損失,P158,jiyujizai,2021/08/14,all
自ら光を発している物体を何と呼ぶか,光源,P18,jiyujizai,2021/08/05,all
物体を作る材料の種類のことを何と呼ぶか,物質,P182,jiyujizai,2021/08/05,all
金属には磨くと光るという特徴がある。この特徴のことをなんと呼ぶか,金属光沢,P183,jiyujizai,2021/08/05,all
金属には叩くと伸びるという特徴があるこの特徴のことをなんと呼ぶか,展性,P183,jiyujizai,2021/08/05,all
金属には引っ張ると伸びて細くなるという特徴がある。この特徴をなんと呼ぶか,延性,P183,jiyujizai,2021/08/05,all
金属には電気抵抗が小さく電気が流れやすい。この特徴をなんと呼ぶか,電気伝導性,P183,jiyujizai,2021/08/05,all
金属には熱をよく通すと言う特徴がある。この特徴をなんと呼ぶか,熱伝導性,P183,jiyujizai,2021/08/05,all
火に塩化銅を入れると火は何色になりますか,緑,P184,jiyujizai,2021/06/29,all
火に塩化ストロンチウムを入れると火は何色になりますか,赤,P184,jiyujizai,2021/06/29,all
火に塩化カルシウムを入れると火は何色になりますか,オレンジ,P184,jiyujizai,2021/06/29,all
火に塩化リチウムを入れると火は何色になりますか,オレンジと赤,P184,jiyujizai,2021/06/29,all
火に塩化ナトリウムを入れると火は何色になりますか,黄色,P184,jiyujizai,2021/06/29,all
火に塩化カリウムを入れると火は何色になりますか,紫,P184,jiyujizai,2021/06/29,all
石灰水に二酸化炭素を入れて振ると石灰水はどんなふうになる？,白く濁る,P185,jiyujizai,2021/06/30,all
謎の物質を調べる時に何を使って調べると良いか。,五感,P185,jiyujizai,2021/06/30,all
国家資格の中にある技能試験のうちの物質を構成している成分の種類や量などを明らかにするために科学分析を行い幅広い分野で活躍する人のことを何技能士と呼ぶ？,化学分析技能士,P186,jiyujizai,2021/06/30,all
炭素を含む物質をなんと呼ぶか,有機物,P187,jiyujizai,2021/06/30,all
有機物以外の物質をなんと呼ぶか,無機物,P187,jiyujizai,2021/06/30,all
有機物は燃えると何が発生するか。2つ答えなさい,二酸化炭素、水,P187,jiyujizai,2021/06/30,all
砂糖は有機物ですか無機物ですか,有機物,P187,jiyujizai,2021/06/29,all
デンプンは有機物ですか無機物ですか,有機物,P187,jiyujizai,2021/06/29,all
プラスチックは有機物ですか無機物ですか,有機物,P187,jiyujizai,2021/06/29,all
食塩は有機物ですか無機物ですか,無機物,P187,jiyujizai,2021/06/29,all
金属は有機物ですか無機物ですか,無機物,P187,jiyujizai,2021/06/29,all
酸素は有機物ですか無機物ですか,無機物,P187,jiyujizai,2021/06/29,all
水は有機物ですか無機物ですか,無機物,P187,jiyujizai,2021/06/29,all
ガラスは有機物ですか無機物ですか,無機物,P187,jiyujizai,2021/06/29,all
二酸化炭素は有機物ですか無機物ですか,無機物,P187,jiyujizai,2021/06/29,all
何薬を使うと、その反応から物質を見分けることができるか,指示薬,P187,jiyujizai,2021/08/25,all
ガスバーナーで火をつけるときまず何がしまっているか確認する？（2つ）,ガス調節ネジ,P188,jiyujizai,2021/08/25,all
ガスバーナーで火をつける直前にガスの何を開くか？,元栓,P188,jiyujizai,2021/08/25,all
ガスバーナーで火をつける時マッチに火をつけ何を少しずつ開いて点火するか？,ガス,P188,jiyujizai,2021/08/25,all
ガスバーナーで火をつけ終わってから何を回して炎の大きさを調節するか？,ガス調節ネジ,P188,jiyujizai,2021/08/25,all
ガス調節ネジを押さえながら空気調節ネジを回して炎の色を何色にするか？,青,P188,jiyujizai,2021/08/25,all
ガスバーナーの火を消す時にまず何調節ネジを閉めるか,空気調節ネジ,P188,jiyujizai,2021/08/25,all
ガスバーナーの火を消す時、2番目に何を閉めるか,ガス調節ネジ,P188,jiyujizai,2021/08/25,all
ガスバーナーの火を消す時、最後にガスの何を閉じるか,元栓,P188,jiyujizai,2021/08/25,all
日向に咲く植物は何を盛んに行うか,光合成,P188,jiyujizai,2021/08/25,all
日陰に咲く植物は何で増える植物が多いか,胞子,P188,jiyujizai,2021/08/25,all
電子てんびんで物を測る時には薬包紙を置いてから表示を何にするか,0.0または0.00,P188,jiyujizai,2021/06/30,all
上皿てんびんで薬品を測りとる時は両方に薬包紙をのせ一方に薬品を乗せもう一方に何を乗せるか,分銅,P188,jiyujizai,2021/06/30,all
上皿てんびんで薬品を測りとる時に分銅をのせていない方に薬品をどのくらいずつ乗せていくか,少しずつ乗せていく,P188,jiyujizai,2021/06/30,all
気体の匂いを調べるときにしてはいけないことを答えなさい,直接匂いを嗅ぐこと,P188,jiyujizai,2021/06/30,all
気体の匂いを調べる時にはどのようにして匂いを調べれば良いか,手で仰ぐようにして嗅ぐ,P188,jiyujizai,2021/06/30,all
メスシリンダーを使って質量を測る時にはどこから目盛りを読み取ればいい？,真横,P189,jiyujizai,2021/06/30,all
水に溶けやすく空気より重い気体を集めるためには何法で集めれば良いか,下方置換法,P189,jiyujizai,2021/06/30,all
水に溶けにくい気体を集めるためには何法を使えば良いか,水上置換法,P189,jiyujizai,2021/06/30,all
水に溶けやすく空気より軽い気体を調べる時には何法を使って調べるか,上方置換法,P189,jiyujizai,2021/06/30,all
光の三原色を全て答えよ,赤・青・緑,P19,jiyujizai,2021/08/05,all
光が跳ね返ることを何と呼ぶか,光の反射,P19,jiyujizai,2021/08/05,all
水を氷にすると体積は増えるか減るか,増える,P190,jiyujizai,2021/06/30,all
液体のロウを固体にすると体積は増えるか減るか,減る,P191,jiyujizai,2021/06/30,all
物質の単位体積あたりの質量をその物質の何と呼ぶか,密度,P192,jiyujizai,2021/06/30,all
密度を表す単位の読みを答えなさい,グラム毎立方センチメートル,P192,jiyujizai,2021/06/30,all
物質の密度を出すときの公式を答えなさい,物質の質量÷物質の体積,P192,jiyujizai,2021/06/30,all
密度0.4g/㎤の木は水に浮くか浮かないか。ただし水の密度は1g/㎤とする,浮く,P192,jiyujizai,2021/06/30,all
密度7.9g/㎤の鉄は水に浮くか浮かないか。ただし水の密度は1g/㎤とする,浮かない,P192,jiyujizai,2021/06/30,all
ある物質の体積とそれと同じ体積の基準となる物質と質量との比を何と呼ぶか,比重,P194,jiyujizai,2021/07/07,all
2つ以上の物質が混ざり合ってできているものを何と呼ぶか,混合物,P194,jiyujizai,2021/07/07,all
1つの物質だけでできているものを何と呼ぶか,純物質,P194,jiyujizai,2021/07/07,all
混合物に含まれている物質を何と呼ぶか,混合物の物質,P194,jiyujizai,2021/07/07,all
純物質をさらに分けるとどうなるか,単体・化合物に分けられる,P195,jiyujizai,2021/07/07,all
物質が溶ける時の温度を何と呼ぶか,融点,P195,jiyujizai,2021/07/07,all
物質が沸騰する時の温度を何と呼ぶか,沸点,P195,jiyujizai,2021/07/07,all
物質が溶けることを何と呼ぶか,融解,P195,jiyujizai,2021/07/07,all
水の沸点は何度ですか,100度,P195,jiyujizai,2021/07/07,all
物質が凝固する時の温度を何と呼ぶか,凝固点,P195,jiyujizai,2021/07/07,all
気体を冷やして液体として集めることを何と呼ぶか,蒸留,P197,jiyujizai,2021/07/07,all
液体の内部に気泡が生じ内部からも盛んに蒸発が起こることを何と呼ぶか,沸騰,P197,jiyujizai,2021/07/07,all
鏡に当てる光のことを何と呼ぶか,入射光,P20,jiyujizai,2021/08/05,all
鏡に当てて反射した光を何と呼ぶか,反射光,P20,jiyujizai,2021/08/05,all
入射光が当たった鏡の位置を何と呼ぶか,入射点,P20,jiyujizai,2021/08/05,all
入射光と入射点に立てた鏡の面と垂直な直線のなす角度を何と呼ぶか,入射角,P20,jiyujizai,2021/08/05,all
反射光と鏡の面の法線とのなす角を何と呼ぶか,反射角,P20,jiyujizai,2021/08/05,all
入射角と反射角が常に等しいということを何と呼ぶか,反射の法則,P20,jiyujizai,2021/08/05,all
様々な方向に光が反射することを何と呼ぶか,乱反射,P21,jiyujizai,2021/08/05,all
写真などに実際に写すことのできる像を何と呼ぶか,実像,P21,jiyujizai,2021/08/05,all
光を延長してできる像のことを何と呼ぶか,虚像,P21,jiyujizai,2021/08/05,all
直径が、1〜数百nm程度の大きさの粒子のことをなんと呼ぶか,コロイド粒子,P211,jiyujizai,2021/08/25,all
コロイド粒子が他の物質に均一に混ざる状態をなんと呼ぶか,コロイド溶液,P211,jiyujizai,2021/08/25,all
温度による溶解度の変化をグラフで表したものをなんと呼ぶか,溶解度曲線,P214,jiyujizai,2021/08/25,all
個体の物質が溶けている水溶液から溶解度の差を利用して個体の物質を再び結晶に戻すことをなんと呼ぶか,再結晶,P215,jiyujizai,2021/08/25,all
光の進行方向が物質を通るときに変わることを何と呼ぶか,光の屈折,P22,jiyujizai,2021/08/05,all
光がある物質に入射して曲がるとき、物質の面の法線と曲がったあとの光のなす角度をなんと呼ぶか？,屈折角,P22,jiyujizai,2021/08/05,all
入射角がある角度より大きくなると光は空気中へ出ずに全部水面で反射してしまうこのような反射の現象を何と呼ぶか,全反射,P22,jiyujizai,2021/08/05,all
水などによって屈折した光をなんと呼ぶか,屈折光,P22,jiyujizai,2021/08/25,all
光の屈折の法則として入射角と屈折角はどちらが大きくなるか？,入射角,P22,jiyujizai,2021/08/25,all
物質そのものの本質は変わらない変化を何というか,物理変化,P222,jiyujizai,2021/07/12,all
個体・液体・気体のように物質の状態が変化することをなんというか,状態変化,P222,jiyujizai,2021/07/12,all
物質の形や大きさが変わることを何というか,変形,P222,jiyujizai,2021/07/12,all
2種類以上の物質がその性質を保ったまま混ざったものを何というか,混合物,P222,jiyujizai,2021/07/12,all
2種類以上の物質が結びついた化合物が別の2種類以上の物質に分かれる化学変化のことを何と呼ぶか,分解,P223,jiyujizai,2021/07/12,all
熱による分解のことを何というか,熱分解,P223,jiyujizai,2021/07/12,all
電気エネルギーによる分解のことを何と呼ぶか,電気分解,P227,jiyujizai,2021/07/12,all
光エネルギーによる分解を何と呼ぶか,光分解,P228,jiyujizai,2021/07/12,all
物質を構成している基本的な成分を何というか,元素,P228,jiyujizai,2021/07/12,all
現在元素は何種類見つかっているか,118種類,P229,jiyujizai,2021/07/12,all
物質はこれ以上分けられない最小の粒子からなる。この粒子のことを何と呼ぶか,原子,P229,jiyujizai,2021/07/13,all
光が真空中からある物質へと入射するときの相対屈折率をその物質の何というか,屈折率(絶対屈折率),P23,jiyujizai,2021/08/05,all
元素はアルファベットを使い、何として表しているか,元素記号,P230,jiyujizai,2021/07/13,all
性質が似ている原子ごとに整理しそれを質量順に並べ替えた表を原型とする表のことを何と呼ぶか,周期表,P231,jiyujizai,2021/07/13,all
原子がいくつか結びついた何という粒子が物質の性質を備えた最小単位の粒子と考えられるか,分子,P232,jiyujizai,2021/07/13,all
炭素は原子が集まって存在する物質と分子が集まって存在する物質のどちらか,原子が集まって存在する物質,P232,jiyujizai,2021/07/13,all
マグネシウムは原子が集まって存在する物質と分子が集まって存在する物質のどちらか,原子が集まって存在する物質,P232,jiyujizai,2021/07/13,all
ケイ素は原子が集まって存在する物質と分子が集まって存在する物質のどちらか,原子が集まって存在する物質,P232,jiyujizai,2021/07/13,all
鉄は原子が集まって存在する物質と分子が集まって存在する物質のどちらか,原子が集まって存在する物質,P232,jiyujizai,2021/07/13,all
銅は原子が集まって存在する物質と分子が集まって存在する物質のどちらか,原子が集まって存在する物質,P232,jiyujizai,2021/07/13,all
亜鉛は原子が集まって存在する物質と分子が集まって存在する物質のどちらか,原子が集まって存在する物質,P232,jiyujizai,2021/07/13,all
銀は原子が集まって存在する物質と分子が集まって存在する物質のどちらか,原子が集まって存在する物質,P232,jiyujizai,2021/07/13,all
金は原子が集まって存在する物質と分子が集まって存在する物質のどちらか,原子が集まって存在する物質,P232,jiyujizai,2021/07/13,all
鉛は原子が集まって存在する物質と分子が集まって存在する物質のどちらか,分子が集まって存在する物質,P232,jiyujizai,2021/07/13,all
水素は原子が集まって存在する物質と分子が集まって存在する物質のどちらか,分子が集まって存在する物質,P232,jiyujizai,2021/07/13,all
ヘリウムは原子が集まって存在する物質と分子が集まって存在する物質のどちらか,分子が集まって存在する物質,P232,jiyujizai,2021/07/13,all
窒素は原子が集まって存在する物質と分子が集まって存在する物質のどちらか,分子が集まって存在する物質,P232,jiyujizai,2021/07/13,all
塩素は原子が集まって存在する物質と分子が集まって存在する物質のどちらか,分子が集まって存在する物質,P232,jiyujizai,2021/07/13,all
リンは原子が集まって存在する物質と分子が集まって存在する物質のどちらか,分子が集まって存在する物質,P232,jiyujizai,2021/07/13,all
ヨウ素は原子が集まって存在する物質と分子が集まって存在する物質のどちらか,分子が集まって存在する物質,P232,jiyujizai,2021/07/13,all
酸素は原子が集まって存在する物質と分子が集まって存在する物質のどちらか,分子が集まって存在する物質,P232,jiyujizai,2021/07/13,all
世界の共通記号を使って物質を表したものをなんと呼ぶか,化学式,P234,jiyujizai,2021/08/25,all
Nh(ニホニウム)は原子番号何番か,113番,P236,jiyujizai,2021/07/13,all
化学変化は何ともいうか,化学反応,P238,jiyujizai,2021/07/13,all
物質と硫黄が結びついてできた化合物のことを何と呼ぶか,硫化物,P238,jiyujizai,2021/07/13,all
鉄と硫黄が反応すると何ができるか,硫化鉄,P238,jiyujizai,2021/07/13,all
化学式を使って物質の化学変化を表した式のことをなんと呼ぶか,化学反応式,P244,jiyujizai,2021/08/25,all
激しい熱や光を出しながら燃えて酸素と結びつく化学反応のことをなんと呼ぶか,燃焼,P248,jiyujizai,2021/07/13,all
木炭は気体・個体・液体のうちのどこに入るか,個体,P248,jiyujizai,2021/07/13,all
木片は気体・個体・液体のうちのどこに入るか,個体,P248,jiyujizai,2021/07/13,all
スチールウールは気体・個体・液体のうちのどこに入るか,個体,P248,jiyujizai,2021/07/13,all
マグネシウムは気体・個体・液体のうちのどこに入るか,個体,P248,jiyujizai,2021/07/13,all
エタノールは気体・個体・液体のうちのどこに入るか,液体,P248,jiyujizai,2021/07/13,all
プロパンガスは気体・個体・液体のうちのどこに入るか,気体,P248,jiyujizai,2021/07/13,all
都市ガスは気体・個体・液体のうちのどこに入るか,気体,P248,jiyujizai,2021/07/13,all
金属が酸素と結びつくことをなんというか,酸化,P252,jiyujizai,2021/07/13,all
酸素と結びついた化合物のことをなんというか,酸化物,P252,jiyujizai,2021/07/13,all
酸化物から酸素が取れる化学反応のことを何と呼ぶか,還元,P252,jiyujizai,2021/07/13,all
鉄と酸素が結びついた酸化物を何と呼ぶか,酸化鉄,P252,jiyujizai,2021/07/13,all
木材を燃焼させ続けると木材は炭になった後に何になるか,灰,P252,jiyujizai,2021/07/14,all
マグネシウムに酸素が結びついた酸化物をなんと呼ぶか,酸化マグネシウム,P252,jiyujizai,2021/07/14,all
酸化と還元は同時に起こる。このことをなんと呼ぶか,酸化還元反応,P258,jiyujizai,2021/07/14,all
化学変化が起こる時周囲にエネルギーを出す反応のことをなんと呼ぶか,発熱反応,P263,jiyujizai,2021/07/14,all
化学変化が起こるときに周囲からエネルギーを奪う反応のことを何と呼ぶか,吸熱反応,P264,jiyujizai,2021/07/14,all
化学変化が起こる時に出入りするエネルギーを熱量としてとらえたものを何というか,反応熱,P268,jiyujizai,2021/07/14,all
あるものが完全燃焼したときに発生する熱量を何と呼ぶか,燃焼熱,P268,jiyujizai,2021/07/14,all
マンガン電池やアルカリ電池のような使い切りの電池のことをなんと呼ぶか,一次電池,P269,jiyujizai,2021/07/14,all
鉛蓄電池やリチウムイオンバッテリーのような充電して繰り返し使える電池のことを何と呼ぶか,二次電池,P269,jiyujizai,2021/07/14,all
さんとアルカリが中和して水ができるときに発生する熱量のことを何と呼ぶか,中和熱,P269,jiyujizai,2021/07/14,all
化合物がその成分である元素の単体から生成される時の反応熱のことを何と呼ぶか,生成熱,P269,jiyujizai,2021/07/14,all
物質が多量の水に溶ける時の反応熱を何と呼ぶか,溶解熱,P269,jiyujizai,2021/07/14,all
化学燃料などの持つ化学エネルギーを力化学エネルギーに変える仕組みを何と呼ぶか,熱機関,P269,jiyujizai,2021/07/14,all
燃料を機関内部で燃焼させるのは何機関か,内燃機関,P269,jiyujizai,2021/07/14,all
燃料を期間外侮で燃焼させるのは何機関か,外燃機関,P269,jiyujizai,2021/07/14,all
密閉された容器で化学反応が起こる場合、その容器全体の質量は化学変化の前後で変わらない。このことは、すべての化学変化に当てはまる。このことをなんと呼ぶか。,質量保存の法則,P270,jiyujizai,2021/08/25,all
凸レンズを通った太陽光はある一点に集まる。この点を何と呼ぶか,焦点,P28,jiyujizai,2021/08/05,all
レンズから焦点までの距離を何と呼ぶか,焦点距離,P28,jiyujizai,2021/08/05,all
水に溶かした時に電流が流れる物質のことをなんと呼ぶか,電解質,P284,jiyujizai,2021/07/14,all
水に溶かしても電流が流れない物質のことを何と呼ぶか,非電解質,P284,jiyujizai,2021/07/14,all
水溶液に電流を流した時電流がよく流れる電解質をなんと呼ぶか,強電解質,P284,jiyujizai,2021/07/14,all
水溶液に電流を流した時に電流が少ししか流れない電解質を何と呼ぶか,弱電解質,P284,jiyujizai,2021/07/14,all
塩酸は強電解質と弱電解質のどちらか,強電解質,P284,jiyujizai,2021/07/14,all
硫酸は強電解質と弱電解質のどちらか,強電解質,P284,jiyujizai,2021/07/14,all
硝酸は強電解質と弱電解質のどちらか,強電解質,P284,jiyujizai,2021/07/14,all
水酸化ナトリウムは強電解質と弱電解質のどちらか,強電解質,P284,jiyujizai,2021/07/14,all
水酸化カルシウムは強電解質と弱電解質のどちらか,強電解質,P284,jiyujizai,2021/07/14,all
水酸化バリウムは強電解質と弱電解質のどちらか,強電解質,P284,jiyujizai,2021/07/14,all
塩化ナトリウムは強電解質と弱電解質のどちらか,強電解質,P284,jiyujizai,2021/07/14,all
酢酸は強電解質と弱電解質のどちらか,弱電解質,P284,jiyujizai,2021/07/14,all
硫化水素は強電解質と弱電解質のどちらか,弱電解質,P284,jiyujizai,2021/07/14,all
アンモニアは強電解質と弱電解質のどちらか,弱電解質,P284,jiyujizai,2021/07/14,all
水酸化アルミニウムは強電解質と弱電解質のどちらか,弱電解質,P284,jiyujizai,2021/07/14,all
原子の中心には何があるか,原子核,P287,jiyujizai,2021/07/14,all
原子核は＋の電気をおびた何と電気的に中性の何が集まってできているか,陽子・中性子,P287,jiyujizai,2021/07/14,all
原子核の周りにはーの電気をおびた何があるか,電子,P287,jiyujizai,2021/07/14,all
原子を番号順に並べたものをなんと呼ぶか,周期表,P287,jiyujizai,2021/07/14,all
同じ原子だが中性子の数が異なる原子をなんと呼ぶか,同位体,P287,jiyujizai,2021/07/14,all
電気を帯びた原子のことをなんと呼ぶか,イオン,P288,jiyujizai,2021/07/14,all
＋の電気を帯びたイオンのことをなんと呼ぶか,陽イオン,P288,jiyujizai,2021/07/14,all
ーのイオンを帯びたイオンのことを何と呼ぶか,陰イオン,P288,jiyujizai,2021/07/14,all
電子は何という複数のそうに分かれて配置されているか,電子殻,P288,jiyujizai,2021/07/14,all
物質を水に溶かしたときに陽イオンと陰イオンに別れることをなんとよぶか,電離,P291,jiyujizai,2021/07/14,all
水の電気分解と逆の化学変化を利用した電池のことをなんと呼ぶか,燃料電池,P297,jiyujizai,2021/07/14,all
水溶液に電流を流したときに化合物が分解される化学変化をなんと呼ぶか,電気分解,P297,jiyujizai,2021/07/14,all
水に溶かしたときに電離して水素イオンを生じる化合物のことをなんと呼ぶか,酸,P300,jiyujizai,2021/08/26,all
水に溶かしたときに電離して水酸化イオンを生じる化合物のことをなんと呼ぶか,アルカリ,P302,jiyujizai,2021/07/14,all
酸性やアルカリ性の強さを表したものを何と呼ぶか,pH,P305,jiyujizai,2021/07/14,all
酸性とアルカリ性の水溶液を混ぜ合わせると互いの性質を打ち消し合う反応が起こる。このような反応のことを何と呼ぶか,中和反応(中和),P308,jiyujizai,2021/07/14,all
音の出る揺れをなんとよぶか,振動,P31,jiyujizai,2021/08/06,all
音を出す物体のことをなんと呼ぶか。2つ答えなさい,音源、発音体,P31,jiyujizai,2021/08/25,all
水溶液中のイオンが結びついて水に溶けにくい塩ができることがある。このように水の溶けにくい物質が生じる反応のことをなんと呼ぶか,沈殿反応,P313,jiyujizai,2021/07/15,all
音として伝わる波を何と呼ぶか,音波,P32,jiyujizai,2021/08/06,all
音波の波から波までを何と呼ぶか,波長,P32,jiyujizai,2021/08/06,all
音波の山の高さを何と呼ぶか,振幅,P32,jiyujizai,2021/08/06,all
音の大きさ、音の高さ、音色を色の何と呼ぶか,音の三要素,P32,jiyujizai,2021/08/06,all
音の高さは振動数が多いほどどんな音となるか,高い音,P32,jiyujizai,2021/08/06,all
バッタ、かまきり、コオロギなどは冬をどんな状態でこしますか,卵,P324,jiyujizai,2021/06/28,all
ミノムシ、オオムラサキなどは冬をどんな状態でこしますか,幼虫,P324,jiyujizai,2021/06/28,all
モンシロチョウ、アゲハなどは冬をどんな状態でこしますか,さなぎ,P324,jiyujizai,2021/06/28,all
あり、ミツバチ、てんとう虫などは冬をどんな状態でこしますか,成虫,P324,jiyujizai,2021/06/28,all
チューリップは何度を境目にしてその温度より低くなると閉じ高くなると開くのか,18度,P326,jiyujizai,2021/06/28,all
たんぽぽは何の強さによって開いたり閉じたりしますか,光,P326,jiyujizai,2021/06/28,all
乾燥地に咲く花などの根の特徴を答えなさい,根が長い,P326,jiyujizai,2021/06/28,all
乾燥地に咲く花はなぜ葉の裏に毛が生えていますか,蒸散を防ぐため,P326,jiyujizai,2021/06/28,all
ルーペを使う時観察するものが動かせる時、何を動かすのが良いか？,観察するもの,P327,jiyujizai,2021/06/28,all
ルーペを使う時観察するものが動かせない時、どちらを動かすのが良いか,顔,P327,jiyujizai,2021/06/28,all
双眼実体顕微鏡の多くは何から何倍で観察できるものが多いか,20〜40倍,P327,jiyujizai,2021/06/28,all
双眼実体顕微鏡の特徴を答えなさい,立体的に物をそのまま見られる,P327,jiyujizai,2021/06/28,all
顕微鏡は何倍から何倍で物を見ることができるか,40倍〜600倍,P328,jiyujizai,2021/06/28,all
歴史上で初めて微生物を観察した人は？,アントニ・ファン・レーウェンフック,P328,jiyujizai,2021/06/28,all
なぜプレパラートと対物レンズの間を横から見ながら近づけるのか答えなさい,プレパラートと対物レンズがぶつかりプレパラートが割れたり対物レンズが汚れたりするから,P329,jiyujizai,2021/06/28,all
動かしたい物を顕微鏡で見るときは動かしたい方向とどちら向きの方向にプレパラートを動かす必要があるか,逆の方向,P329,jiyujizai,2021/06/28,all
倍率はどのように求めるか,接眼レンズの倍率×対物レンズの倍率,P329,jiyujizai,2021/06/28,all
顕微鏡で観察物を観察するときは何を避ける必要があるか,直射日光,P329,jiyujizai,2021/06/28,all
なぜ双眼実体顕微鏡では接眼レンズをつけてから対物レンズをつけるのですか,鏡筒の中に埃が入るのを防ぐため,P329,jiyujizai,2021/06/28,all
顕微鏡で見るものは何が反対になって見えますか,上下,P329,jiyujizai,2021/06/28,all
スケッチするときはどのような線で書けばいいか,細い線,P330,jiyujizai,2021/06/28,all
スケッチするときは影をつけても良いか,よくない,P331,jiyujizai,2021/06/28,all
スケッチをする時に書くとよい物を全て答えなさい,年月日、時刻、天候、温度、場所と環境、観察の狙い、観察結果、(図やグラフを含む)、考察と課題(まとめ)、感想,P331,jiyujizai,2021/06/28,all
なぜルーペで太陽を見てはいけないのか,目を痛めるから,P332,jiyujizai,2021/06/28,all
スケッチするときの絵は線をぼかしたりしていいですか,ダメです,P332,jiyujizai,2021/06/28,all
正確に生物の名前を調べるためには何を使うと良いか,検索表,P332,jiyujizai,2021/08/29,all
顕微鏡で観察するには何を作成しなければならないか,プレパラート,P333,jiyujizai,2021/08/29,all
プレパラートを作るとき柄つき針を使い何を入れないようにするといいか,空気の泡　,P333,jiyujizai,2021/08/29,all
スライドガラスの上の観察物に何をピンセットではさみ、かけるか,カバーガラス,P333,jiyujizai,2021/08/29,all
微小生物のうち植物性の動きと動物性の動きがどちらもできる微小生物の例を2つ挙げなさい,ミドリムシ、ボルボックス,P333,jiyujizai,2021/08/29,all
ミジンコは動物性ですか植物性ですか,動物性です,P333,jiyujizai,2021/06/28,all
アメーバは動物性ですか植物性ですか,動物性です,P333,jiyujizai,2021/06/28,all
ゾウリムシは動物性ですか植物性ですか,動物性です,P333,jiyujizai,2021/06/28,all
ケンミジンコは動物性ですか植物性ですか,動物性です,P333,jiyujizai,2021/06/28,all
アオミドロは動物性ですか植物性ですか,植物性です,P333,jiyujizai,2021/06/28,all
イカダモは動物性ですか植物性ですか,植物性です,P333,jiyujizai,2021/06/28,all
ハネケイソウは動物性ですか植物性ですか,植物性です,P333,jiyujizai,2021/06/28,all
ミカヅキモは動物性ですか植物性ですか,植物性です,P333,jiyujizai,2021/06/28,all
ツヅミモは動物性ですか植物性ですか,植物性です,P333,jiyujizai,2021/06/28,all
コアミケイソウは動物性ですか植物性ですか,植物性です,P333,jiyujizai,2021/06/28,all
ウニの幼虫は動物性ですか植物性ですか,動物性です,P333,jiyujizai,2021/06/28,all
カニは動物性ですか植物性ですか,動物性です,P333,jiyujizai,2021/06/28,all
貝は動物性ですか植物性ですか,動物性です,P333,jiyujizai,2021/06/28,all
クモノスケイソウは動物性ですか植物性ですか,植物性です,P333,jiyujizai,2021/06/28,all
キートケロスは動物性ですか植物性ですか,植物性です,P333,jiyujizai,2021/06/28,all
ウミホタルは動物性ですか植物性ですか,動物性です,P333,jiyujizai,2021/06/28,all
ケンミジンコの仲間は動物性ですか植物性ですか,動物性です,P333,jiyujizai,2021/06/28,all
アサガオは離弁花類ですか合弁花類ですか,合弁花類です,P333,jiyujizai,2021/06/28,all
たんぽぽは離弁花類ですか合弁花類ですか,合弁花類です,P333,jiyujizai,2021/06/28,all
アブラナは離弁花類ですか合弁花類ですか,離弁花類,P333,jiyujizai,2021/06/28,all
エンドウは離弁花類ですか合弁花類ですか,離弁花類です,P333,jiyujizai,2021/06/28,all
サクラは離弁花類ですか合弁花類ですか,離弁花類,P333,jiyujizai,2021/06/28,all
リンドウは離弁花類ですか合弁花類ですか,合弁花類,P333,jiyujizai,2021/06/28,all
ツツジは離弁花類ですか合弁花類ですか,合弁花類,P333,jiyujizai,2021/06/28,all
バラは離弁花類ですか合弁花類ですか,離弁花類,P333,jiyujizai,2021/06/28,all
ピーマンは離弁花類ですか合弁花類ですか,合弁花類,P333,jiyujizai,2021/06/28,all
葉緑体は何を行えるか,光合成,P334,jiyujizai,2021/06/28,all
おしべはやくと何からできているか,花糸,P334,jiyujizai,2021/06/28,all
雌しべおしべ花弁がくのことをまとめてなんと呼ぶか,花の3要素,P334,jiyujizai,2021/06/28,all
やくの中からは熟すと何が出てくるか,花粉,P334,jiyujizai,2021/06/28,all
銭苔は雄株と雌株の区別ができるかできないか,できる,P335,jiyujizai,2021/06/28,all
雌しべは柱頭と子房と何からできているか,花柱,P335,jiyujizai,2021/06/28,all
雌しべの子房の中には何が入っているか,胚珠,P335,jiyujizai,2021/06/28,all
鼻柱の中には何が伸びて通っているか,花粉管,P335,jiyujizai,2021/06/28,all
雌しべには糖度何%〜何%ぐらいの蜜があるか,5〜15%ぐらい,P335,jiyujizai,2021/06/28,all
種子で増える植物を何植物と呼ぶか,種子植物,P336,jiyujizai,2021/06/28,all
雌しべの先にある柱頭に花粉がつくことをなんと呼ぶか,受粉,P336,jiyujizai,2021/06/28,all
藻類は日光を使って何を行えるか,光合成,P336,jiyujizai,2021/06/28,all
仮根はなんのためにあるのか,体を地面に固定するため,P337,jiyujizai,2021/06/28,all
昆虫が運び受粉が行われる花のことを何花と呼ぶか,虫媒花,P337,jiyujizai,2021/06/28,all
風の力で受粉が行われる花のことを何花と呼ぶか,風媒花,P337,jiyujizai,2021/06/28,all
鳥の力で受粉を行う花のことを何花と呼ぶか,鳥媒花,P337,jiyujizai,2021/06/28,all
水の流れを利用して受粉を行う花のことを何花と呼ぶか,水媒花,P337,jiyujizai,2021/06/28,all
マツは虫媒花、風媒花、鳥媒花、水媒花のうちのどの種類の種子の飛ばし方か,風媒花,P337,jiyujizai,2021/06/28,all
梅は虫媒花、風媒花、鳥媒花、水媒花のうちのどの種類の種子の飛ばし方か,鳥媒花,P337,jiyujizai,2021/06/28,all
マツモは虫媒花、風媒花、鳥媒花、水媒花のうちのどの種類の種子の飛ばし方か,水媒花,P337,jiyujizai,2021/06/28,all
たんぽぽは虫媒花、風媒花、鳥媒花、水媒花のうちのどの種類の種子の飛ばし方か,虫媒花,P337,jiyujizai,2021/06/28,all
草食動物の目はどこらへんについているか,顔の側方,P338,jiyujizai,2021/06/28,all
種子植物は何植物と何植物にも分けられるか,被子植物、裸子植物,P339,jiyujizai,2021/06/28,all
被子植物は何葉類と何葉類に分けられるか,単子葉類、双子葉類,P339,jiyujizai,2021/06/28,all
裸子植物の特徴を2つ答えなさい,子房がなく胚珠が剥き出し,P339,jiyujizai,2021/06/28,all
なぜ受粉しても果実ができないか,子房がないから,P339,jiyujizai,2021/06/28,all
裸子植物の花粉を作る部分を何と呼ぶか,花粉のう,P339,jiyujizai,2021/06/28,all
肉食動物の目はどこらへんについているか,顔の前方,P339,jiyujizai,2021/06/28,all
サクラは単子葉類か双子葉類か,双子葉類,P339,jiyujizai,2021/06/28,all
イネは単子葉類か双子葉類か,単子葉類,P339,jiyujizai,2021/06/28,all
とうもろこしは単子葉類か双子葉類か,単子葉類,P339,jiyujizai,2021/06/28,all
ヘチマは単子葉類か双子葉類か,双子葉類,P339,jiyujizai,2021/06/28,all
カボチャは単子葉類か双子葉類か,双子葉類,P339,jiyujizai,2021/06/28,all
ユリは単子葉類か双子葉類か,単子葉類,P339,jiyujizai,2021/06/28,all
玉ねぎは単子葉類か双子葉類か,単子葉類,P339,jiyujizai,2021/06/28,all
ヤシは単子葉類か双子葉類か,単子葉類,P339,jiyujizai,2021/06/28,all
ツユクサは単子葉類か双子葉類か,単子葉類,P339,jiyujizai,2021/06/28,all
アヤメは単子葉類か双子葉類か,単子葉類,P339,jiyujizai,2021/06/28,all
ランは単子葉類か双子葉類か,単子葉類,P339,jiyujizai,2021/06/28,all
カンナは単子葉類か双子葉類か,単子葉類,P339,jiyujizai,2021/06/28,all
双子葉類の根の作り方を答えなさい,主根、側根,P340,jiyujizai,2021/06/28,all
双子葉類はなぜ双子葉類と呼ばれるか,子葉が2枚だから,P340,jiyujizai,2021/06/28,all
単子葉類はなぜ単子葉類と呼ばれるか,子葉が1枚だから,P340,jiyujizai,2021/06/28,all
単子葉類の根の作りを答えなさい,ひげ根,P340,jiyujizai,2021/06/28,all
双子葉類は花弁のつき方によってさらに何と何に分けられるか,合弁花類、離弁花類,P340,jiyujizai,2021/06/28,all
単子葉類は離弁花類、合弁花類の区別ができるかできないか,できない,P340,jiyujizai,2021/06/28,all
双子葉類の葉脈はどのようになっているか,網目状(網状脈),P340,jiyujizai,2021/06/28,all
単子葉類の葉脈はどのようになっているか,平行(平行脈),P340,jiyujizai,2021/06/28,all
鳥類は前脚が何に変わったか,はね,P340,jiyujizai,2021/06/28,all
カエデは単子葉類か双子葉類か,双子葉類,P340,jiyujizai,2021/06/29,all
バラは単子葉類か双子葉類か,双子葉類,P340,jiyujizai,2021/06/29,all
アブラナは単子葉類か双子葉類か,双子葉類,P340,jiyujizai,2021/06/29,all
ツツジは単子葉類か双子葉類か,双子葉類,P340,jiyujizai,2021/06/29,all
リンドウは単子葉類か双子葉類か,双子葉類,P340,jiyujizai,2021/06/29,all
アサガオは単子葉類か双子葉類か,双子葉類,P340,jiyujizai,2021/06/29,all
ヘチマは単子葉類か双子葉類か,双子葉類,P340,jiyujizai,2021/06/29,all
きくは単子葉類か双子葉類か,双子葉類,P340,jiyujizai,2021/06/29,all
ひまわりは単子葉類か双子葉類か,双子葉類,P340,jiyujizai,2021/06/29,all
種から最初に出てくる葉のことを何と呼ぶか,子葉,P341,jiyujizai,2021/06/29,all
種子を作らない植物は何を作って増えるか,胞子,P342,jiyujizai,2021/06/29,all
最初の根になるのは何と呼ぶか,幼根,P342,jiyujizai,2021/06/29,all
胞子は雌花のどこで作られるか,胞子のう,P343,jiyujizai,2021/06/29,all
苔植物の根のように見える部分を何と呼ぶか,仮根,P343,jiyujizai,2021/06/29,all
コケ植物は根、茎、葉の区別があるかないか,ない,P343,jiyujizai,2021/06/29,all
シダ植物は根、茎、葉の区別があるかないか,ある,P343,jiyujizai,2021/06/29,all
幼根を支えるのはなんと呼ばれるものか,胚軸,P343,jiyujizai,2021/06/29,all
音の大きさを表すとき単位は何になるか,デシベル(dB),P35,jiyujizai,2021/08/06,all
ウサギ、馬などの草や木を食べる動物を何動物と呼ぶか,草食動物,P350,jiyujizai,2021/08/06,all
サメ、ライオンなどの他の動物を食べる動物を何動物と呼ぶか,肉食動物,P350,jiyujizai,2021/08/06,all
草食動物は草や木をすりつぶすためになんという歯が発達しているか,臼歯,P350,jiyujizai,2021/08/06,all
葉を切り取るために発達した歯を何歯と呼ぶか,門歯,P350,jiyujizai,2021/08/06,all
獲物を捕らえるために発達した歯は？,犬歯,P350,jiyujizai,2021/08/06,all
肉を挟んで切るために臼歯はどんな感じになっている？,凹凸になっている,P350,jiyujizai,2021/08/06,all
草食動物の消化管は長いか短いか,長い,P350,jiyujizai,2021/08/06,all
肉食動物はなぜ立体的に見える範囲が広いか,獲物との距離を測るため,P351,jiyujizai,2021/08/06,all
草食動物はなぜ見える範囲が広いか,捕食者の動きを敏感にとらえるため,P351,jiyujizai,2021/08/06,all
体温を一定に保てる動物のことを何動物と呼ぶか,恒温動物,P352,jiyujizai,2021/08/06,all
体温が外気温とともに変わる動物を何動物と呼ぶか,変温動物,P352,jiyujizai,2021/08/06,all
変温動物はふゆに何を行うか,冬眠,P352,jiyujizai,2021/08/06,all
背骨を持つ動物を何動物と呼ぶか,脊椎動物,P352,jiyujizai,2021/08/06,all
哺乳類はどのように子を生むか,子宮内である程度育ててうむ,P353,jiyujizai,2021/08/06,all
哺乳類の子の生み方をなんと呼ぶか,胎生,P353,jiyujizai,2021/08/06,all
魚類、両生類、爬虫類、鳥類などのこの生み方をなんとよぶか,卵生,P353,jiyujizai,2021/08/06,all
節足動物の外側を包む骨格を何と呼ぶか,外骨格,P354,jiyujizai,2021/08/06,all
節足動物はどこで呼吸をするか,気門,P354,jiyujizai,2021/08/06,all
甲殻類の多くはどこで呼吸ををするか,えら,P354,jiyujizai,2021/08/06,all
軟体動物はどこで呼吸をするか,えら,P354,jiyujizai,2021/08/06,all
軟体動物は何で体を守っているか,貝殻,P354,jiyujizai,2021/08/06,all
草食性の巻貝は何で海藻をこす取るか,歯舌,P354,jiyujizai,2021/08/06,all
肉食性の巻貝は歯舌がどのように変化しているか,鋭くとがっている,P354,jiyujizai,2021/08/06,all
クラゲなどの多数の触手とと毒を持つ動物を何動物と呼ぶか,刺胞動物,P354,jiyujizai,2021/08/06,all
背骨がない動物を何動物と呼ぶか,無脊椎動物,P354,jiyujizai,2021/08/06,all
植物の体を作る基本単位を何と呼ぶか,細胞,P366,jiyujizai,2021/07/07,all
細胞の集まりのことを何と呼ぶか,組織,P366,jiyujizai,2021/07/07,all
何種類かの組織が集まって一定の形・働きをするものを何と呼ぶか,気菅,P366,jiyujizai,2021/07/07,all
細胞の多くは無色透明のため観察することができない。そのため、何に染色液で色をつける必要があるか,核,P368,jiyujizai,2021/08/26,all
細胞の多くは無色透明のため観察することができない。そのため、核に何で色をつける必要があるか,染色液,P368,jiyujizai,2021/08/26,all
染色液には何や何を用いると良いか,酢酸カーミン液や酢酸オルセイン液,P368,jiyujizai,2021/08/26,all
同じ振動数の音を出す2つのものの一方を鳴らすともう一方が自然になり出す現象を何とよぶか,共鳴,P37,jiyujizai,2021/08/06,all
細胞は一般的に何と何でできているか,核と細胞質,P370,jiyujizai,2021/08/26,all
細胞質は何に包まれているか,細胞膜,P370,jiyujizai,2021/08/26,all
核の外側は小さい穴のある何で包まれ内部には球体の形をした核小体と糸状の染色体を含んでいるか,核膜,P370,jiyujizai,2021/08/26,all
核の外側は小さい穴のある核膜で包まれ内部には球体の形をした何と糸状の染色体を含んでいるか,核小体,P370,jiyujizai,2021/08/26,all
核の外側は小さい穴のある核膜で包まれ内部には球体の形をした核小体と糸状の何を含んでいるか,染色体,P371,jiyujizai,2021/08/26,all
細胞質の中にはミトコンドリアや色素体などの何とそれを満たす液があるか,細胞小器官,P371,jiyujizai,2021/08/26,all
細胞壁は細胞質が作り出した何を主成分としているか,セルロース,P373,jiyujizai,2021/08/26,all
葉身の中央には何があるか,葉脈,P373,jiyujizai,2021/08/26,all
葉の表面には丈夫で光沢のある何があるか,表皮,P376,jiyujizai,2021/07/07,all
表皮の内側には何を多く含んでいるか,葉緑体,P376,jiyujizai,2021/07/07,all
裏側の表皮には何があるか,気孔,P376,jiyujizai,2021/07/07,all
葉脈の部分には何が通っているか,維管束,P376,jiyujizai,2021/07/08,all
維管束には水や栄養を運ぶ管何管と何管が通っているか,道管、師管,P376,jiyujizai,2021/07/08,all
蒸散を説明しなさい,根から取り上げられた水を水蒸気として空気中に放出すること,P377,jiyujizai,2021/07/08,all
根から吸収した水を水蒸気として空気中に放出する働きを何とよぶか,蒸散,P377,jiyujizai,2021/07/08,all
気孔は葉の裏側に多く分布しており2つの何に囲まれているか,孔辺細胞,P378,jiyujizai,2021/08/26,all
植物が光エネルギーを使ってデンプンなどの栄養分を作る働きを何と呼ぶか？,光合成,P379,jiyujizai,2021/07/08,all
光合成は葉の細胞の何の中で行われるか,葉緑体,P379,jiyujizai,2021/07/08,all
葉緑体の緑色は葉緑体の中の袋状の膜に含まれている何という色素によるものか,葉緑素,P379,jiyujizai,2021/08/26,all
光合成を行うには光以外に何が必要か,二酸化炭素・水,P381,jiyujizai,2021/07/08,all
調べること以外は同じ条件にした実験のことを何と呼ぶか,対照実験,P381,jiyujizai,2021/07/08,all
デンプンは水に溶けない。そこで何に変えられてから師管を通って植物の各部に届けられるか,ブドウ糖,P383,jiyujizai,2021/07/08,all
葉緑素には光エネルギーを何に変える働きがあるか,化学エネルギー,P387,jiyujizai,2021/07/08,all
光合成は何を吸って何をはいているか,二酸化炭素、酸素,P387,jiyujizai,2021/07/08,all
呼吸は細胞の中のどこで行われているか,ミトコンドリア,P387,jiyujizai,2021/07/08,all
植物は夜には何を吸って何をはいているか,酸素二酸化炭素,P391,jiyujizai,2021/07/08,all
いねやとうもろこしは何葉類か,単子葉類,P391,jiyujizai,2021/07/08,all
単子葉類の根の先には細かな何がついているか,根毛,P391,jiyujizai,2021/07/08,all
根の最も先端には何があるか,根冠,P391,jiyujizai,2021/07/08,all
根冠の後方には何点があるか,成長点,P391,jiyujizai,2021/07/08,all
根は地中に伸びて茎、葉、花などの何部を支えるか,地上部,P391,jiyujizai,2021/07/08,all
根は地中の水や何を吸収しているか,養分,P391,jiyujizai,2021/07/08,all
根は吸収した水や養分を何部まで運ぶか,地上部,P391,jiyujizai,2021/07/08,all
根はデンプンなどの栄養分を何する働きがあるか,貯蔵,P391,jiyujizai,2021/07/08,all
水や養分の吸収は何で行われるか,根毛,P391,jiyujizai,2021/07/08,all
師管は主に何を通しているか,光合成によって作られた栄養分を通している,P392,jiyujizai,2021/07/08,all
道管は主に何を通しているか,根から吸収した水や水に溶けた栄養分を通す,P392,jiyujizai,2021/07/08,all
形成層にはどのような働きがあるか,茎を太くする,P392,jiyujizai,2021/07/08,all
食べ物を噛み砕き分解する事で小腸から吸収できるような小さい物質にすることを何と呼ぶか,消化,P393,jiyujizai,2021/07/08,all
消化には二種類ある。その消化の名前を答えなさい,機械的消化と科学的消化,P394,jiyujizai,2021/07/08,all
科学的消化とは消化液に含まれる何で食物を科学的に分解するという意味があるか,消化酵素,P394,jiyujizai,2021/07/08,all
消化器官には植物が直接通る何という管があるか,消化管,P394,jiyujizai,2021/07/08,all
唾液はデンプンを何に変える働きがあるか,麦芽糖,P394,jiyujizai,2021/07/08,all
小腸の内面には無数のひだがある。そのひだのことを何と呼ぶか,柔毛,P395,jiyujizai,2021/07/08,all
何運動によって食物を胃に運ぶはたらきをするか,ぜん動運動,P395,jiyujizai,2021/07/08,all
すい臓から分泌されるのはなに液か,すい液,P395,jiyujizai,2021/08/29,all
胆のうからくるのは何汁か,胆汁,P395,jiyujizai,2021/08/29,all
小腸では食物と消化酵素を混ぜ合わせる何運動が行われているか,文節運動,P396,jiyujizai,2021/07/08,all
デンプンが分解されると何になるか,ブドウ糖,P397,jiyujizai,2021/07/08,all
ブドウ糖は小腸の柔毛内の何に吸収されるか,毛細血管,P397,jiyujizai,2021/07/08,all
ブドウ糖は毛細血管に吸収されて何脈を経て肝臓に運ばれるか,肝門脈,P397,jiyujizai,2021/07/08,all
ブドウ糖の一部は肝臓で何と合成されて貯蔵されるか,グリコラーゲン,P397,jiyujizai,2021/07/08,all
アミノ酸はブドウ糖同様に柔毛内の何に吸収されるか,毛細血管,P398,jiyujizai,2021/07/08,all
アミノ酸は細胞を作る何の材料となるか,タンパク質,P398,jiyujizai,2021/07/08,all
タンパク質は動物の中の全成分の何%を占めるか,約15%,P398,jiyujizai,2021/07/08,all
脂肪はどこへ吸収されるか,リンパ管,P398,jiyujizai,2021/07/08,all
人の体に必要なビタミンは何種類あると認められているか,13種類,P399,jiyujizai,2021/07/08,all
血液は体の何%を占めるか,約7%,P400,jiyujizai,2021/07/08,all
血液は何からなるか,血しょう・赤血球・白血球・血小板と呼ばれる血球,P400,jiyujizai,2021/07/08,all
赤血球は何という鉄を含む色素を持つか,ヘモグロビン,P400,jiyujizai,2021/07/08,all
ヘモグロビンは酸素以外に何ともくっつきやすいか,一酸化炭素,P400,jiyujizai,2021/07/08,all
白血球は核を持つか持たないか,もつ,P400,jiyujizai,2021/07/08,all
免疫反応が過剰に起こり体に不利に働くことを何と呼ぶか,アレルギー,P405,jiyujizai,2021/07/09,all
アレルギーを引き起こす物質を何と呼ぶか,アレルゲン,P405,jiyujizai,2021/07/09,all
ヒトの血液型としては現在何種類あるか,37種類,P405,jiyujizai,2021/07/09,all
心臓に血液が流入する部屋を何と呼ぶか,心房,P406,jiyujizai,2021/07/09,all
血液を送り出す部屋を何と呼ぶか,心室,P406,jiyujizai,2021/07/09,all
魚類は何この心房と心室があるか,一つの心房、一つの心室,P406,jiyujizai,2021/07/09,all
両生類は何個の心室と何個の心房があるか,2つの心房と1つの心室,P406,jiyujizai,2021/07/09,all
哺乳類と鳥類は何個の心室と心房があるか,2つの寝室と2つの心房,P406,jiyujizai,2021/07/09,all
静脈内には所々に何があり血液の逆流が起こることを防ぐか,弁(静脈弁),P406,jiyujizai,2021/07/09,all
人の血液循環は何と何に分けられるか,体循環・肺循環,P407,jiyujizai,2021/07/08,all
酸素を多く含む血液をなんとよぶか,動脈血,P407,jiyujizai,2021/07/08,all
二酸化炭素を多く含む血液をなんとよぶか,静脈血,P407,jiyujizai,2021/07/08,all
大動脈には何が流れているか,動脈血,P407,jiyujizai,2021/07/08,all
肝門脈には何が流れているか,消化管で吸収された栄養分,P407,jiyujizai,2021/07/08,all
大静脈には何が流れているか,静脈血,P407,jiyujizai,2021/07/08,all
腎静脈には何が流れているか,腎臓でこし取られた血,P407,jiyujizai,2021/07/08,all
肺動脈にはどこからどこへ向かう血管が流れているか,心臓から肺へ向かう血管,P408,jiyujizai,2021/07/08,all
肺静脈にはどこからどこへ向かう血管が流れているか,肺から心臓へ向かう血管,P408,jiyujizai,2021/07/08,all
酸素を体内に取り入れ二酸化炭素を体外に排出することを何と呼ぶか,呼吸,P408,jiyujizai,2021/07/08,all
肺をつかって呼吸することを何と呼ぶか,肺呼吸,P408,jiyujizai,2021/07/08,all
血液中の血しょうの一部が毛細血管からしみ出たものは細胞と細胞の間を満たす何となるか,組織液,P408,jiyujizai,2021/08/29,all
組織液のほとんどは毛細血管に吸収されるが一部はリンパ管に入り何となるか,リンパ液,P408,jiyujizai,2021/08/29,all
気管から別れた気管支の先に何という小さな袋があるか,肺胞,P409,jiyujizai,2021/07/08,all
えらで呼吸することを何呼吸と呼ぶか,エラ呼吸,P409,jiyujizai,2021/07/08,all
ミミズは何呼吸をしているか,皮膚呼吸,P409,jiyujizai,2021/07/08,all
気管を使って呼吸することを何呼吸と呼ぶか,気管呼吸,P409,jiyujizai,2021/07/08,all
肺は何に囲まれているか,肋骨と横隔膜,P409,jiyujizai,2021/07/08,all
各細胞が行う呼吸のことをなんと呼ぶか,内呼吸,P410,jiyujizai,2021/08/29,all
脂肪や炭水化物は体の中で使われ分解されると何と何になるか,水、二酸化炭素,P411,jiyujizai,2021/07/09,all
アンモニアは有害であるため人の肝臓の中で何に変えられ排出されるか,尿素,P411,jiyujizai,2021/07/09,all
汗腺では老廃物を何に変えて排出されるか,汗,P411,jiyujizai,2021/07/09,all
目は何を受け取る視覚器官か,光,P411,jiyujizai,2021/07/09,all
眼球内を満たしている透明なロコイド状の部分のことを何と呼ぶか,ガラス体,P412,jiyujizai,2021/07/09,all
眼球の正面を覆っている透明なまくのことを何と呼ぶか ,角膜,P412,jiyujizai,2021/07/09,all
眼球の中で光を屈折させ網膜上の像を結ばせる役割を果たしているのはどこか,レンズ,P412,jiyujizai,2021/07/09,all
ひとみを囲みレンズに入る光の量を調節する役割を果たすのはどこか,虹彩,P412,jiyujizai,2021/07/09,all
毛様体とレンズとの間には何があるか,チン小帯,P412,jiyujizai,2021/07/09,all
網膜とは光を感じる何細胞と神経細胞が集まった眼球の内側のまくか,視細胞,P412,jiyujizai,2021/07/09,all
網膜は光が当たると視細胞が興奮し連絡神経細胞を経てどこに伝わるか,視神経,P412,jiyujizai,2021/07/09,all
耳は何この部分から成り立っているか,3つ,P414,jiyujizai,2021/07/09,all
耳は何耳何耳何耳から成り立っているか,外耳・中耳・内耳,P414,jiyujizai,2021/07/09,all
外耳は耳殻と何からなるか,外耳道,P414,jiyujizai,2021/07/09,all
外耳は何で中耳と仕切られているか,鼓膜,P414,jiyujizai,2021/07/09,all
中耳は何と何からなっているか,耳小骨・耳管,P414,jiyujizai,2021/07/09,all
耳小骨は何種類の形があるか,3種類,P414,jiyujizai,2021/07/09,all
耳小骨の名前を全て答えよ,つち骨・きぬた骨・あぶみ骨,P414,jiyujizai,2021/07/09,all
耳管は何とも呼ばれることがあるか,エウスタキオ管・ユースタキー管,P414,jiyujizai,2021/07/09,all
内耳は何と何と何の3つの部分からできているか,うずまき管・前庭・半規管(3半規管),P414,jiyujizai,2021/07/09,all
うずまき管には感覚毛を持つ何が並んでいるか,聴細胞,P414,jiyujizai,2021/07/09,all
前庭は傾きの方向とその変化を感じる何感覚器官か,平衡感覚器管,P415,jiyujizai,2021/07/09,all
鼻こうの上部表面は粘膜に覆われ、そこに何が分布しているか,嗅細胞,P415,jiyujizai,2021/07/09,all
舌の表面の舌乳頭には何細胞を含む味覚芽があるか,味細胞,P416,jiyujizai,2021/07/09,all
人が感覚できる味は5種類ある全て答えなさい,甘味・塩味・苦味・酸味・うま味,P416,jiyujizai,2021/07/09,all
皮膚には4種類の感覚点がある。全ての感覚点の名前を答えなさい,温点・冷点・圧点・痛点,P416,jiyujizai,2021/07/09,all
運動器管に指示を与える役割を担うのは何であるか,神経系,P417,jiyujizai,2021/07/09,all
神経系の中の長い突起を持った細長い細胞のことを何と呼ぶか,神経細胞,P417,jiyujizai,2021/07/09,all
神経系は何神経と何神経に大別されるか,中枢神経と末しょう神経,P417,jiyujizai,2021/07/09,all
中枢神経は何と何からなるか,脳と脊髄,P417,jiyujizai,2021/07/09,all
末しょう神経は何神経と何神経に分けられるか,体性神経・自律神経,P418,jiyujizai,2021/07/10,all
体性神経には感覚器官からの刺激を脳や脊髄などの中枢に伝える何神経などがあるか,感覚神経,P418,jiyujizai,2021/07/10,all
体性神経には中枢からの命令を運動器管に伝える何神経などがあるか,運動神経,P418,jiyujizai,2021/07/10,all
記憶は保持できる時間によって何記憶と何記憶に分けられるか,短期記憶・長期記憶,P418,jiyujizai,2021/07/10,all
長期記憶は言葉で表せる何記憶と言葉で表せない何記憶に分けられるか,陳述記憶・非陳述記憶,P418,jiyujizai,2021/07/10,all
大脳の一部には短期記憶を長期記憶に変える働きを持つ何があるか,海馬,P418,jiyujizai,2021/07/10,all
大脳で判断することなく無意識に素早い行動を行う仕組みを何と呼ぶか,反射,P419,jiyujizai,2021/07/10,all
反射が起こる時受けた刺激は大脳に達する前に運動神経に達する。刺激が大脳へ伝わる途中の脊髄から運動神経に伝わる場合を何反射と呼ぶか,脊髄反射,P419,jiyujizai,2021/07/10,all
脊髄反射が起こったときのの刺激が伝わる経路のことを何と呼ぶか,反射弓,P419,jiyujizai,2021/07/10,all
ある刺激に対して決まった方向に移動する行動のことを何と呼ぶか,走性,P420,jiyujizai,2021/07/10,all
ほとんど無意識に起こる行動のことを何と呼ぶか,古典的条件づけ,P420,jiyujizai,2021/07/10,all
神経細胞は核を持った何と長い突起であるなに繊維と何突起からできているか,細胞体・神経繊維・樹状突起,P421,jiyujizai,2021/07/10,all
刺胞動物には中枢神経がない。このような神経系を何神経と呼ぶか,散在神経系,P422,jiyujizai,2021/07/10,all
人にように中枢神経を持つ神経系を何と呼ぶか,集中神経系,P422,jiyujizai,2021/07/10,all
脊椎動物には何骨格があるか,内骨格,P423,jiyujizai,2021/07/10,all
無脊椎動物には何骨格があるか（問題がなかったから追加したけど適当に修正して：パパ）,外骨格,P423,jiyujizai,2021/07/10,all
筋肉の両端は何になっているか,けん,P423,jiyujizai,2021/07/10,all
外骨格を持つ動物は成長の伴って何をしなければならないか,脱皮,P423,jiyujizai,2021/07/10,all
骨格を持たない動物は何の収縮で運動するか,筋肉,P423,jiyujizai,2021/07/10,all
骨格を持たない動物は何運動で体を前進させるか,ぜん動運動,P424,jiyujizai,2021/07/10,all
体のカルシウムは骨や歯に何%含まれているか,約99%,P424,jiyujizai,2021/07/10,all
血液中のカルシウムが不足するとどこのカルシウムが放出されるか,骨,P424,jiyujizai,2021/07/10,all
意識的に動かせる随意筋のことをなんと呼ぶか,横紋筋,P424,jiyujizai,2021/08/29,all
意識的には動かせない不随意筋のことをなんと呼ぶか,平滑筋,P424,jiyujizai,2021/08/29,all
不随意筋であるが収縮は早く持続性がある筋肉のことをなんと呼ぶか,心筋,P424,jiyujizai,2021/08/29,all
植物の細胞は何分裂によって細胞の数が増えるか,え,P430,jiyujizai,2021/07/10,all
伸長成長とは何か,植物が長く伸びること,P430,jiyujizai,2021/07/10,all
肥大成長とは何か,植物が太くなること,P430,jiyujizai,2021/07/10,all
植物の茎や根には何層があるか,形成層,P430,jiyujizai,2021/07/10,all
昆虫類や甲殻類、ヘビは体を大きくするために外側の殻や硬い皮膚を脱ぐ。そのことを何と呼ぶか,脱皮,P430,jiyujizai,2021/07/10,all
動物が子から成体になるまでに体の作り、呼吸の仕方、食物や生活などを大きく変化させることを何と呼ぶか,変態,P430,jiyujizai,2021/07/10,all
動物細胞では何体が細胞分裂の前期に分裂する新しい細胞の中心に移動して星状体になるか,中心体,P436,jiyujizai,2021/07/10,all
種子細胞は花を咲かせおしべで作る精細胞と雌しべで作る何細胞が受精するか,卵細胞,P438,jiyujizai,2021/07/10,all
種子植物が受精すると種子の中に何を作るか,胚,P438,jiyujizai,2021/07/10,all
受精によって子孫を増やす方法を何と呼ぶか,有性生殖,P438,jiyujizai,2021/07/10,all
受粉した花粉は花粉管をのばし花粉の中の何細胞を子房内の胚珠にある卵細胞に送りそこで受精するか,精細胞,P438,jiyujizai,2021/07/10,all
二重に受粉することを何受粉と呼ぶか,重複受粉,P438,jiyujizai,2021/07/10,all
シダ植物・コケ植物・菌類・藻類は何という生殖細胞を作って増えるか,胞子,P439,jiyujizai,2021/07/10,all
多くの植物は何生殖を行うか,有性生殖,P439,jiyujizai,2021/07/11,all
卵も精子も何分裂で作られるか,減数分裂,P439,jiyujizai,2021/07/11,all
体外受精は何がある環境で行われるか,水,P439,jiyujizai,2021/07/11,all
雌の卵巣で作られる乱が受精するとなんと呼ばれるようになるか,受精卵,P440,jiyujizai,2021/08/29,all
性に関係なく新しい個体を作る仕組みをなに生殖というか,無性生殖,P442,jiyujizai,2021/07/11,all
親の形質を子に伝えるのは何か,遺伝子,P444,jiyujizai,2021/07/11,all
植物の遺伝子はどこに含まれているか,染色体,P444,jiyujizai,2021/08/29,all
19世期オーストラリアの誰はエンドウを用いて交配実験を行い、遺伝の規則性を研究したか,メンデル,P445,jiyujizai,2021/07/11,all
純系同士を交配した時子に現れる性質を何と呼ぶか,顕性形質,P446,jiyujizai,2021/07/11,all
純系同士を交配した時子に現れない形質を何と呼ぶか,潜性形質,P446,jiyujizai,2021/07/11,all
親から子へ伝わる遺伝子の本体は何であることがわかっているか,DNA,P447,jiyujizai,2021/07/11,all
DNAは何重構造となっているか,2重,P447,jiyujizai,2021/07/11,all
DNAはどのような形をしているか,二重らせん構造,P448,jiyujizai,2021/08/29,all
生物の体の特徴の変化のことを何と呼ぶか,進化,P449,jiyujizai,2021/07/11,all
面が物体に押された時に反対に面が押し返す力を何と呼ぶか,垂直抗力,P45,jiyujizai,2021/08/06,all
ゴムやバネに力を加えて引き伸ばすと元の形に戻ろうとして他の物体に力を働かせる。この力を何と呼ぶか,弾性力,P45,jiyujizai,2021/08/06,all
変形した物体が元に戻ろうとする性質を何と呼ぶか,弾性,P45,jiyujizai,2021/08/06,all
男性を示す限界の力を何と呼ぶか,弾性限界,P45,jiyujizai,2021/08/06,all
物体が触れ合っている面で物体の運動を妨げるように働く力を何と呼ぶか,摩擦力,P45,jiyujizai,2021/08/06,all
面の上の物体を引いても動かない時摩擦力の大きさは引いた力と等しくなる。この力を何と呼ぶか,静止摩擦力,P45,jiyujizai,2021/08/06,all
限界の摩擦力を何と呼ぶか,最大摩擦力,P45,jiyujizai,2021/08/06,all
自然界の動物には「食べる」「食べられる」という関係がある。この関係のことをなんと呼ぶか,食物連鎖,P458,jiyujizai,2021/07/11,all
無機物から有機物を作り出している生物のことを何と呼ぶか,生産者,P458,jiyujizai,2021/07/11,all
他の動物が作り出した有機物を食べる生物を何と呼ぶか,消費者,P458,jiyujizai,2021/07/11,all
糸が物体を引く力を何と呼ぶか,張力,P46,jiyujizai,2021/08/06,all
地球が物体を引く力を何と呼ぶか,重力,P46,jiyujizai,2021/08/09,all
磁石同士の離れていても互いを引きつけあったり反発しあったりする力を何と呼ぶか,磁力(磁石の力),P46,jiyujizai,2021/08/09,all
N極とN極、S極とS極のように同じ極同士の間では反発し合う力が働く。このような力を何と呼ぶか,斥力,P46,jiyujizai,2021/08/09,all
その生物を食べる生物のことを何と呼ぶか,天敵,P463,jiyujizai,2021/07/11,all
同じ種類の動物が集まり統一的な行動をとる集団のことを何と呼ぶか,群れ,P463,jiyujizai,2021/07/11,all
動物が食料や巣を確保するために他の動物を寄せ付けずに占有する場所を何と呼ぶか,縄張り,P463,jiyujizai,2021/07/11,all
群れで見られる優劣のことを何と呼ぶか,順位,P463,jiyujizai,2021/07/11,all
リーダーが群を統率する現象を何と呼ぶか,リーダー制,P463,jiyujizai,2021/07/11,all
同種、または異種の動物たちが食物・生活空間・配偶者・光・水・栄養分などを競うことをなんとよぶか,競争,P463,jiyujizai,2021/07/11,all
異種の生物が一緒に暮らしている現象をなんと呼ぶか,共生,P463,jiyujizai,2021/07/11,all
順位によって秩序が保たれる現象をなんと呼ぶか,順位制,P463,jiyujizai,2021/08/29,all
生活様式が似た種が食物を別にして競争を避けている現象のことをなんと呼ぶか,食い分け,P463,jiyujizai,2021/08/29,all
他の生物（宿主）の体内や体表で宿主に依存しながら生活している現象をなんと呼ぶか,寄生,P463,jiyujizai,2021/08/29,all
ある地域に生息する生物とその自然環境について一つのまとまりを持ったシステムとして考えたものをなんと呼ぶか,生態系,P464,jiyujizai,2021/08/29,all
廃棄物を分解することにより栄養をもらっている生物のことを何と呼ぶか,分解者,P465,jiyujizai,2021/07/11,all
分解者には一般的に何類と何類がいるか,菌類と細菌類,P465,jiyujizai,2021/07/11,all
酸性の強い雨のことを何と呼ぶか,酸性雨,P468,jiyujizai,2021/07/11,all
工場や車の排気ガスに含まれるのはSOxと呼ばれる何と、NOxと呼ばれる何か,硫黄酸化物、窒素酸化物,P468,jiyujizai,2021/08/30,all
温室効果により地球の平均気温が上昇することをなんとよぶか,地球温暖化,P469,jiyujizai,2021/07/11,all
衣服で擦ったプラスチックの下敷きを紙片に近づけると紙片は離れていても下敷きに引き寄せられる。この時下敷きは摩擦によって何を帯びているか,静電気,P47,jiyujizai,2021/08/09,all
物体が電気を帯びることを何と呼ぶか,帯電,P47,jiyujizai,2021/08/09,all
力の大きさを表す単位は何を用いるか,ニュートン(N),P47,jiyujizai,2021/08/09,all
上空にある何は太陽の紫外線から生物を守っているか,オゾン層,P470,jiyujizai,2021/07/11,all
スプレーなどに使われている何は上空に上がりオゾン層を壊す働きをしているか,フロンガス,P470,jiyujizai,2021/07/12,all
人間の活動によってある地域にそれまで生息していなかった種類の生物が持ち込まれ、その持ち込まれた生物が野生化したものを何というか,外来種,P470,jiyujizai,2021/07/12,all
元々の地域に生息している生物を何と呼ぶか,在来種,P470,jiyujizai,2021/07/12,all
河川や海に汚れ(有機物)が流入すると一時的に水は濁る。しかし水中の微生物(分解者)などの働きによって分解され水質は元の状態に戻る。このような働きをを何と呼ぶか,自然浄化,P471,jiyujizai,2021/07/12,all
窒素やリンなどの栄養素が大量に海に流れ込んでくると何や何が発生するか,アオコや赤潮,P471,jiyujizai,2021/07/12,all
赤潮とは何の異常増殖によって起こるか,プランクトン,P471,jiyujizai,2021/07/12,all
火山の噴火によって流れてくるのは何か,火砕流・溶岩流,P471,jiyujizai,2021/07/12,all
ソーラーパネルを用いて直接的に電力に変換することをなんと呼ぶか,太陽光発電,P471,jiyujizai,2021/08/29,all
風車を動力源として発電することを何発電と呼ぶか,風力発電,P471,jiyujizai,2021/08/29,all
海を使った発電には何発電となに発電などがあるか,波力発電・潮汐発電,P472,jiyujizai,2021/08/29,all
石油や石炭などの資源のことをなんと呼ぶか,化石燃料資源,P472,jiyujizai,2021/08/29,all
大地からの恵みの中で日常生活に役立つような資源のことをなんと呼ぶか,鉱物資源,P472,jiyujizai,2021/08/29,all
気圧低下に伴う海水面の上昇のことをなんと呼ぶか,高潮,P472,jiyujizai,2021/09/01,all
海の近くで地震が起こると何が起こる可能性があるか,津波,P473,jiyujizai,2021/07/12,all
自然災害の範囲を予測し、その被害範囲を地図化したものを何と呼ぶか,ハザードマップ,P473,jiyujizai,2021/07/12,all
地震による被害を少なくするために建物などの何化が進められているか,耐震化,P473,jiyujizai,2021/07/12,all
どのような働きをする力かは力の大きさ、力の向き、作用点によって決まる。この三つの要素を何と呼ぶか,力の三要素,P48,jiyujizai,2021/08/09,all
火山の活動では地下に存在している高温で液状の何が岩盤の内部を上昇して地上に出てくるか,マグマ,P480,jiyujizai,2021/07/15,all
マグマが地上に出てくることを何と呼ぶか,火山噴火,P480,jiyujizai,2021/07/15,all
火山噴火によって出来た地形を何と呼ぶか,火山地形,P480,jiyujizai,2021/07/15,all
マグマが噴出する穴をなんと呼ぶか,火口,P480,jiyujizai,2021/07/15,all
過去１万年以内に噴火した火山のことを何と呼ぶか,活火山,P481,jiyujizai,2021/07/15,all
火山が噴火するときに噴出する物質を何と呼ぶか,火山噴出物,P481,jiyujizai,2021/07/15,all
マグマが地表で固まると何と呼ばれるようになるか,溶岩,P481,jiyujizai,2021/07/15,all
マグマが固まるときに細かく砕けたものを何と呼ぶか,火山砕せつ物,P481,jiyujizai,2021/07/15,all
火山噴火の時に出てくるものの中の直径が2mmより小さいものをなんと呼ぶか,火山灰,P481,jiyujizai,2021/07/15,all
火山噴火の時に出てくる火山灰よりも大きい塊のことを何と呼ぶか,火山れき,P481,jiyujizai,2021/07/15,all
火山噴火の時に噴出される水蒸気や二酸化炭素などのガスのことをなんと呼ぶか,火山ガス,P481,jiyujizai,2021/08/29,all
マグマの温度は何度ぐらいか,1000度前後,P481,jiyujizai,2021/08/29,all
マグマの何が高いとマグマの量が多いときに爆発的な噴火となるか,粘性,P482,jiyujizai,2021/07/15,all
マグマの粘性が高いとどのような形の火山になるか,盛り上がっている,P482,jiyujizai,2021/07/15,all
マグマの粘性が低いとどのような形の火山となるか,傾斜が低く大規模な火山,P482,jiyujizai,2021/07/15,all
激しい噴火では火山灰が何の上部を超えることもあるか,対流圏,P482,jiyujizai,2021/07/15,all
噴火が元となって何が起こることもあるか,自然災害,P484,jiyujizai,2021/07/15,all
火山の地形に剃って猛スピードで流れ下る火山砕せつ物である何は発生してからの避難が困難で大変危険である,火砕流,P485,jiyujizai,2021/07/15,all
火山噴火の危険が迫った際には気象庁の何や何を確認して避難に役立てることが大事か,噴火情報・噴火警戒レベル,P485,jiyujizai,2021/07/15,all
火山による何発電などが行われているか,地熱発電,P485,jiyujizai,2021/07/15,all
身近な火山が何に認定されていたら火山の恵や地域の人たちとの関係について詳しく知ることができるか,ジオパーク,P485,jiyujizai,2021/07/15,all
自治体などが公表している何では火山災害が起こる危険性を地図に示しているか,ハザードマップ,P485,jiyujizai,2021/08/29,all
火山が噴火したり、その危険が迫った時には気象庁の何や何を確認して避難に役立てることができるか,噴火警報・噴火警戒レベル,P485,jiyujizai,2021/08/29,all
マグマが冷却されてできた岩石のことをなんと呼ぶか,火成岩,P486,jiyujizai,2021/07/15,all
マグマが地上や地上付近で固まってできた岩石のことをなんと呼ぶか,火山岩,P486,jiyujizai,2021/07/15,all
マグマが地下でゆっくりと固まってできた岩石をなんと呼ぶか,深成岩,P486,jiyujizai,2021/07/15,all
火成岩は様々な種類や大きさの何が集合してできているか,鉱物,P486,jiyujizai,2021/07/15,all
火山岩は大きな結晶が反転乗に見えることからこうした組織をなんとよぶか,斑状組織,P486,jiyujizai,2021/07/15,all
深成岩は大きな結晶の集合体となっている。このような組織を何というか,等粒状組織,P486,jiyujizai,2021/07/15,all
火山岩の中には白っぽい何岩黒っぽい何岩黒と白の中間の何岩があるか,流紋岩・玄武岩・安山岩,P486,jiyujizai,2021/07/15,all
深成岩には白っぽい何岩黒っぽい何岩しろと黒の中間の何岩があるか,花こう岩・斑れい岩・閃緑岩,P486,jiyujizai,2021/07/15,all
岩石を作る鉱物のことをなんと呼ぶか,造岩鉱物,P487,jiyujizai,2021/07/15,all
造岩鉱物が何と何に分けられるか,無色鉱物・有色鉱物,P487,jiyujizai,2021/07/15,all
鉱物の硬さは何という指標を用いることが多いか,モース硬度,P487,jiyujizai,2021/07/15,all
弾性を持つ物体が変形する時その変形の大きさは加えた力の大きさに比例する。この関係を何と呼ぶか,フックの法則,P49,jiyujizai,2021/08/09,all
一つの物体に多くの力が働いていてもその物体が静止していて動かない場合これらの力はどうなっているということができるか,つり合っている,P49,jiyujizai,2021/08/09,all
地下の硬い岩石が短時間に壊れてずれ動くときに発生する振動が岩盤の中を伝わっていく現象のことを何と呼ぶか,地震,P490,jiyujizai,2021/07/15,all
地震の発生によってできたずれを伴う割れ目のことを何と呼ぶか,断層,P490,jiyujizai,2021/07/15,all
地下の岩盤が壊れて地震が発生した場所を何と呼ぶか,震源,P491,jiyujizai,2021/07/15,all
震源の真上にある地表での地点をなんと呼ぶか,震央,P491,jiyujizai,2021/07/15,all
震央から震源までの直線距離を何と呼ぶか,震源の深さ,P491,jiyujizai,2021/07/15,all
地震の広がりの全体を何と呼ぶか,震源域,P491,jiyujizai,2021/07/15,all
地下の岩石が壊れるときに周囲に伝わっていく揺れをなんとよぶか,地震波,P492,jiyujizai,2021/07/15,all
地震波には何と何があるか,P波・S波,P492,jiyujizai,2021/07/15,all
地震には何と何の2種類の揺れ方があるか,初期微動・主要動,P492,jiyujizai,2021/07/15,all
P波は何波か,縦波,P492,jiyujizai,2021/07/15,all
S波は何波か,横波,P492,jiyujizai,2021/07/15,all
S波の秒速は何キロメートルか,6キロメートル,P492,jiyujizai,2021/07/15,all
S波の秒速は何キロメートルか,3〜４キロメートル,P492,jiyujizai,2021/07/15,all
P波が到着して初期微動が始まる時間からS波が到着して主要動が始まる時刻までの時間をなんと呼ぶか,初期微動継続時間,P492,jiyujizai,2021/07/16,all
同じ時刻に揺れ始めた地点を結ぶと同心円状の曲線になることがあるが、このような線のことをなんとよぶか,等発震時線,P493,jiyujizai,2021/07/16,all
各地の観測点ごとの揺れの大きさを何と呼ぶか,震度,P494,jiyujizai,2021/07/16,all
震度は何によってはかられるか,地震計,P494,jiyujizai,2021/07/16,all
地震そのものの規模を表す指標のことをなんと呼ぶか,マグニチュード,P495,jiyujizai,2021/07/16,all
マグニチュードの値が2大きくなるとエネルギーの大きさは約何倍になるか,1000倍,P495,jiyujizai,2021/07/16,all
マグニチュードの値が大きいほどその地震のもたらした震源の何も大きくなるか,断層,P495,jiyujizai,2021/07/16,all
大きな地震では地震の後に土地が高くなる何が起きたり逆に低くなる何が起きたりするか,隆起・沈降,P496,jiyujizai,2021/07/16,all
日本海側と太平洋側を比べるとどちら側に多くの震央がかたまっているか,太平洋側,P497,jiyujizai,2021/07/16,all
地球の表面は何と呼ばれる暑さ百キロほどの硬い岩盤に覆われているか,プレート,P498,jiyujizai,2021/07/16,all
プレートは地球全体に何枚あるか,15枚,P499,jiyujizai,2021/07/16,all
大陸を乗せたプレートを何と呼ぶか,大陸プレート,P499,jiyujizai,2021/07/16,all
大陸をのせずに海底だけで出来たプレートをなんと呼ぶか,海洋プレート,P499,jiyujizai,2021/07/16,all
日本列島の周辺には2つの海洋プレートと2つの大陸プレートがある。このプレートの名前を答えなさい,フィリピン海プレート・太平洋プレート・北米プレート・ユーラシアプレート,P499,jiyujizai,2021/07/16,all
海溝とは通常何メートル以上の深さのものをいうか,6000メートル,P499,jiyujizai,2021/07/16,all
海溝付近で起こる地震のことを何と呼ぶか,海溝型地震,P500,jiyujizai,2021/07/16,all
海溝型地震はプレート同士の境界で起こるため何とも呼ばれることがあるか,プレート境界型地震,P500,jiyujizai,2021/07/18,all
海溝型地震は内陸型地震と比べると規模は大きいか小さいか,大きい,P500,jiyujizai,2021/07/18,all
陸地の内部では比較的浅い震源でマグニチュード7前後の海溝型地震と比べると規模の小さい地震が起こる。このような地震を何と呼ぶか。2つ答えなさい,内陸型地震、活断層による地震,P500,jiyujizai,2021/07/18,all
内陸型地震は海溝型地震よりも規模が大きいが、どこで起きると大きな被害をもたらすか,都市の直下,P500,jiyujizai,2021/07/18,all
木造の家が多い古い街並みで大地震が起こると何が起こりやすいか,火災,P501,jiyujizai,2021/07/18,all
海底を震源とする地震が起きたときに海水が上下に変動することにより起こる災害のことを何と呼ぶか,津波,P501,jiyujizai,2021/07/18,all
海岸近くで地震にあった場合はどのような場所に逃げると良いか,小高い丘、津波タワー,P501,jiyujizai,2021/07/18,all
地震による斜面崩壊は簡単にいうと何のことか,山崩れ,P502,jiyujizai,2021/07/18,all
柔くて水分を多く含む砂が多い地盤が地震の際に泥を吹き出しながらあたかも液体のようになってしまう現象のことを何と呼ぶか,液状化,P502,jiyujizai,2021/07/18,all
波で崖が削られて崖が後退した後には浅い平らな岩場が広がっている。この作用は崖が海に食べられているようなので何と呼ばれているか,海食作用,P503,jiyujizai,2021/07/18,all
海食作用によってできた平らな地形のことを何と呼ぶか,海食台,P503,jiyujizai,2021/07/18,all
海食作用によって出来た崖のことをなんと呼ぶか,海食崖,P503,jiyujizai,2021/07/18,all
海食台や海食崖の周辺の土地が大地震などで隆起すると海食台が陸地になった何ができるか,隆起海食台,P503,jiyujizai,2021/07/18,all
隆起海食台と海食崖が繰り返し作られると、全体の形は海岸線から陸地に向かってくる高くなる階段状の地形となる。このような地形のことを何と呼ぶか,海岸段丘,P504,jiyujizai,2021/07/19,all
河川の近くで大地震などによる土地の隆起が繰り返し起こると、元の川原を1番上にもち、現在の川原に向かって階段状になっていく川沿いの地形となる。このような地形のことを何と呼ぶか,河岸段丘,P504,jiyujizai,2021/07/19,all
谷が発達した低い海岸沿いの山地が沈降すると、海水が谷の奥まで侵入する。すると、背後に山が迫り、入り組んだ海岸線を持つ地形ができる。このような地形のことを何と呼ぶか,リアス海岸,P505,jiyujizai,2021/07/19,all
海岸付近に多数の小さな山が分布していた地域が沈降すると、それらの山の頂上が海面上に突き出して、多数の島が浮かぶ地形ができる。このような地形のことを何と呼ぶか,多島海,P505,jiyujizai,2021/07/19,all
氷河によって削られることでできたU字型の断面をした深い谷に海水が侵入すると、水深が大きく、奥行きのある入江ができてくる。このような地形のことを何と呼ぶか,フィヨルド,P505,jiyujizai,2021/07/19,all
下から上に途切れることなく順序よく重なっている地層のことを何と呼ぶか,整合,P505,jiyujizai,2021/07/19,all
下から上に重なっている地層の一部が欠けている地層のことを何と呼ぶか,不整合,P506,jiyujizai,2021/07/19,all
地層の連なりが不連続になっている面のことを何と呼ぶか,不整合面,P506,jiyujizai,2021/07/19,all
地震を起こした断層は、地層や岩石の中で記録として残される。断層は、地層などの中にできた割れ目である断面層を境に、その両側がどのように動いたかに基づいて何と何と何の3つに大別されるか,正断層、逆断層、横ずれ断層,P507,jiyujizai,2021/07/19,all
断層ができたときに水平方向に引っ張る力が働いている場合に何ができるか,正断層,P507,jiyujizai,2021/07/19,all
断層ができた時に水平方向に押す力が働いている場合に何ができるか,逆断層,P507,jiyujizai,2021/07/19,all
断層によって作られた地形のことを何と呼ぶか,断層地形,P507,jiyujizai,2021/07/20,all
弧状列島は大規模な何によって作られたか,地殻変動,P507,jiyujizai,2021/07/20,all
プレートの動きから造山運動などの現象を理解しようとする考えを何と呼ぶか,プレートテクトニクス,P507,jiyujizai,2021/07/20,all
大陸が移動するという考えは20世紀に誰によって示されたか,アルフレート・ウェゲナー,P507,jiyujizai,2021/07/20,all
マントルの対流に引きずられるようにしてプレートが動いているという新しい考え方を何と呼ぶか,プルームテクトニクス,P507,jiyujizai,2021/07/20,all
水や風邪などによって運搬されてきた土砂や火山灰などが次々に堆積してできたものを何と呼ぶか,地層,P507,jiyujizai,2021/07/20,all
場所が変わっても物質そのものの量を何と呼ぶか,質量,P51,jiyujizai,2021/08/09,all
重さのない状態を何と呼ぶか,無重力状態,P51,jiyujizai,2021/08/09,all
世界中の海底には中央海嶺という数万kmに及ぶ大山脈が延々と走っている。海底の岩盤は中央海嶺で形成されそこから一定の速度で離れる方向の運動をしている。このことを何説と呼ぶか,海洋底拡大説,P510,jiyujizai,2021/08/30,all
一目で同じ地層であることがわかるような地層をなんと呼ぶか,鍵層,P510,jiyujizai,2021/08/30,all
地層を観察するところを何と呼ぶか,露頭,P512,jiyujizai,2021/07/20,all
日本の地形はどのように大別できるか。4つ答えなさい,山地、丘陵地、平野、盆地,P512,jiyujizai,2021/07/20,all
地層でもあり岩石でもある岩のことを何と呼ぶか,堆積岩,P513,jiyujizai,2021/07/20,all
地盤を掘削して地層の様子を観察することを何と呼ぶか,ボーリング,P515,jiyujizai,2021/07/20,all
地層を色分けするように示した図のことを何と呼ぶか,柱状図,P515,jiyujizai,2021/07/20,all
岩石が表面から次第に崩れていくことを何と呼ぶか,風化,P515,jiyujizai,2021/07/21,all
風化には何風化と何風化があるか,物理風化・化学風化,P515,jiyujizai,2021/07/21,all
水に溶けることで岩石を失っていくことを何と呼ぶか,溶食,P515,jiyujizai,2021/07/21,all
石灰岩の溶食によってできた地形のことを何と呼ぶか,カルスト地形,P515,jiyujizai,2021/07/21,all
風化した岩石は風や雨によって削られていく。このことを何と呼ぶか,侵食,P515,jiyujizai,2021/07/21,all
岩石が崩れてできた土砂は河川の上流から下流に運ばれる。このことを何と呼ぶか,運搬,P515,jiyujizai,2021/07/21,all
断面がVの形をしている谷のことを何と呼ぶか,V字谷,P517,jiyujizai,2021/07/21,all
川底の傾斜が急に少なくなったりする場所では運搬されてきた土砂や火山灰が何しやすいか,堆積,P517,jiyujizai,2021/07/21,all
川の上流から中流に差し掛かる場所では急流だった流れの速度が小さくなるため、大小の岩石や土砂が堆積して何を作るか,扇状地,P517,jiyujizai,2021/07/21,all
下流が平野になっている川の河口部分ではゆっくりではあるが流れていた川の流れがほとんど停止するため運搬されていた細かな土砂が堆積して何を作るか,三角州,P517,jiyujizai,2021/07/21,all
平野を流れる川は曲がりくねって何をすることが多いか,蛇行,P517,jiyujizai,2021/07/21,all
流れが早い水、巨大な岩石、土砂が一体となった激しい勢いのある流れのことを何と呼ぶか。二つ答えなさい,土石流・鉄砲水,P518,jiyujizai,2021/07/21,all
堆積した土砂の塊のことを何と呼ぶか,堆積物,P519,jiyujizai,2021/07/23,all
堆積物が固まってできた岩石のことを何と呼ぶか,堆積岩,P519,jiyujizai,2021/07/23,all
川の流れや風などで運搬され堆積した土砂や火山灰のことを何と呼ぶか,堆積物,P519,jiyujizai,2021/07/23,all
土砂の集まった堆積物は粒子の大きい方から何の三つに大別されるか,れき、砂、泥,P519,jiyujizai,2021/07/23,all
過去に生息していた生物の遺骸のことを何と呼ぶか,化石,P519,jiyujizai,2021/07/23,all
丸いれきからなる岩のことを何と呼ぶか,円れき岩,P520,jiyujizai,2021/07/23,all
角ばったれきからなる岩のことを何と呼ぶか,角れき岩,P520,jiyujizai,2021/07/23,all
砂が固まってできた岩のことを何と呼ぶか,砂岩,P520,jiyujizai,2021/07/23,all
泥が団結してできた岩のことを何と呼ぶか,泥岩,P520,jiyujizai,2021/07/23,all
チャートは何の化石が元となっているか,放散虫,P521,jiyujizai,2021/07/23,all
堆積岩にもっと高い温度や圧力になると普通の堆積岩とは違う性質を持つ岩石となる。このような岩石のことを何と呼ぶか,変成岩,P522,jiyujizai,2021/07/23,all
堆積岩に特に高い圧力をかけると何になるか,結晶片岩,P522,jiyujizai,2021/07/23,all
堆積岩が特に高い温度になると何になるか,片麻岩,P522,jiyujizai,2021/07/23,all
砂岩や泥岩が変成岩になったらなんと呼ばれるようになるか,ホルンフェルス,P522,jiyujizai,2021/07/23,all
石灰岩が変成岩になると何と呼ばれるようになるか,大理石または結晶質石灰岩,P522,jiyujizai,2021/07/23,all
荒い粒の上に細かい粒があるような地層の重なり方を何と呼ぶか,級化,P522,jiyujizai,2021/07/23,all
ホルンフェルスはドイツ語で何という意味が込められているか,角の岩,P522,jiyujizai,2021/07/23,all
流れの強さや向きがたびたび変化する水底で堆積した地層には何と呼ばれるはけで互い違いにはいたような構造が見られる。このような構造のことを何と呼ぶか,斜交葉理・斜層理,P523,jiyujizai,2021/07/24,all
一方向の強い流れの下で堆積した平たいれきの大部分が平らな面を上流に向けて斜めに重なることをなんとよぶか,覆瓦構造(インプリケーション),P523,jiyujizai,2021/07/24,all
生息する環境が限られている生き物が化石になるとその化石のことは何と呼ばれるようになるか,示相化石,P524,jiyujizai,2021/07/24,all
特定の時期に地球上の広範囲に大繁栄した生き物の化石はその時代を特徴付ける化石となるこのような化石のことを何と呼ぶか,示準化石,P525,jiyujizai,2021/07/24,all
地球の歴史上での時代区分を表す年代を何と呼ぶか,地質年代,P525,jiyujizai,2021/07/24,all
地球の全体が凍りつくことをなんとよぶか,全休凍結(スノーボールアース),P525,jiyujizai,2021/07/24,all
単位面積あたりの面に垂直に加わる力を何と呼ぶか,圧力,P53,jiyujizai,2021/08/09,all
気温を測定するときは何を使うと良いか,温度計,P532,jiyujizai,2021/07/24,all
地上の気温の測定の時、温度計は地上から何メートル離れたところで測定すると良いか,1.5m,P532,jiyujizai,2021/07/24,all
湿度を測定するときは何を使うと良いか。5個答えなさい,湿度計、乾湿計、通風乾湿計、毛髪湿度計、自記湿度計,P532,jiyujizai,2021/07/24,all
気圧を測定するときは何を使うと良いか。4つ答えなさい,気圧計、アネロイド気圧計、水銀気圧計、自記気圧計,P533,jiyujizai,2021/07/24,all
アネロイド気圧計では表示された数値を何の単位で読むか,hPa(ヘクトパスカル),P533,jiyujizai,2021/07/24,all
1気圧は何ヘクトパスカルか,1013hPa,P533,jiyujizai,2021/07/24,all
風の状態は何で示されるか。3つ答えなさい,風向、風速、風力,P533,jiyujizai,2021/07/24,all
風が吹いてくる方向は何で示せられることが多いか,16方位,P533,jiyujizai,2021/07/24,all
風力は何から何の13階級があるか,0〜12,P533,jiyujizai,2021/07/25,all
雲は何に分けられているか,10種雲形,P534,jiyujizai,2021/07/25,all
上層(5〜13キロメートル)には何雲ができるか,巻雲・巻積雲・巻層雲,P534,jiyujizai,2021/07/25,all
中層(2〜7キロメートル)には何雲ができるか,高積雲・高層雲・乱層雲,P534,jiyujizai,2021/07/25,all
下層(0〜2キロメートル)には何雲ができるか,層積雲・層雲,P534,jiyujizai,2021/07/25,all
下層から上層(0〜13キロメートル)には何雲ができるか,積雲・積乱雲,P534,jiyujizai,2021/07/25,all
上層(5〜13キロメートル)の雲はとても冷たく多くの雲は何でできているか,氷の粒,P534,jiyujizai,2021/07/25,all
中層の雲(2〜7キロメートル)は温度は氷点下で多くの雲は何でできているか,水の粒,P534,jiyujizai,2021/07/25,all
下層の雲(地上〜2キロメートル)はほぼプラスの気温で、何でできているか,水の粒,P534,jiyujizai,2021/07/25,all
乱層雲は弱い雨を長時間降らせる。このような雨のことを何と呼ぶか,しとしと雨,P535,jiyujizai,2021/07/25,all
積乱雲は強い雨を短時間降らせる。このような雨を何と呼ぶか,にわか雨,P535,jiyujizai,2021/07/25,all
名称に何がつく雲は雨を降らせることがあるか,乱,P535,jiyujizai,2021/07/25,all
雲の種類を見分けるときは何と何に注意すると良いか,高さ、形,P535,jiyujizai,2021/07/25,all
横に広がる雲には何がついているか,層,P535,jiyujizai,2021/07/25,all
かたまり状の雲には何がつくか,積,P535,jiyujizai,2021/07/25,all
すじ状の雲には何がつくか,巻雲,P535,jiyujizai,2021/07/25,all
天気は雲全体の量を何としたときの雲が空を占める割合のことを指すか,",10",P537,jiyujizai,2021/07/25,all
雲の割合のことを何と呼ぶか,雲量,P537,jiyujizai,2021/07/25,all
雲量が何の時は快晴とされるか,0〜1,P537,jiyujizai,2021/07/25,all
雲量が何の時ははれとされるか,2〜8,P537,jiyujizai,2021/07/25,all
雲量が何の時は曇りとされるか,9〜10,P537,jiyujizai,2021/07/25,all
空気による圧力を何と呼ぶか,大気圧,P54,jiyujizai,2021/08/09,all
空気にも重さがありずっと高い空から地表面にその上の空気の重さによる圧力がかかっている。この圧力のことを何と呼ぶか。2つ答えなさい,大気圧、気圧,P540,jiyujizai,2021/07/25,all
高さ2000メートルまでの場合100メートル高くなるごとに気圧が何hPa減少するか,11hPa,P540,jiyujizai,2021/07/25,all
１気圧は海抜何での平均の気圧を言うか,海抜0メートル,P540,jiyujizai,2021/07/25,all
天気図状で気圧を示す時は高度0メートルにおける値を修正している。修正することをなんとよぶか,海面構成,P540,jiyujizai,2021/07/25,all
空気が動くのは力が働いているからである。この力は何によって生じるものか,気圧の差,P541,jiyujizai,2021/07/25,all
天気図状に同時刻に各地で観測した海抜構成した気圧の値を記入する。その同じ値の場所を滑らかな曲線で結んだものを何と呼ぶか,等圧線,P541,jiyujizai,2021/07/25,all
等圧線の幅が狭いと言うことは風がどうなっていることを指すか,風が強いと言うこと,P541,jiyujizai,2021/07/25,all
等圧線の幅が広いと言うことは風がどうなっていることをさすか,風が弱いと言うこと,P541,jiyujizai,2021/07/25,all
地球は大きく自転しているので地球上で大きく動くものは曲がる。この働きのことを何と呼ぶか。2つ答えなさい,コリオリの力、転向力,P542,jiyujizai,2021/07/26,all
周囲よりも気圧の高いところを何と呼ぶか,高気圧,P543,jiyujizai,2021/07/26,all
周囲よりも気圧の低いところを何と呼ぶか,低気圧,P543,jiyujizai,2021/07/26,all
北半球では低気圧にどのような形で風が吹き込むか,反時計回り,P543,jiyujizai,2021/07/26,all
北半球では高気圧にどのような形で、風が吹き出すか,時計回り,P543,jiyujizai,2021/07/26,all
低気圧風の上空では何がおこているか,上昇気流,P543,jiyujizai,2021/07/26,all
高気圧の風の上空では何が起こっているか,下降気流,P543,jiyujizai,2021/07/26,all
よく晴れた日は昼間は海から陸へ風が吹きやすい。このような風のことを何と呼ぶか,海風,P543,jiyujizai,2021/07/26,all
よく晴れた日の夜は陸から海へ風が吹きやすい。このような風のことを何と呼ぶか,陸風,P543,jiyujizai,2021/07/26,all
海風と陸風を合わせてなんとよぶか,海陸風,P543,jiyujizai,2021/07/26,all
季節によって特徴的に吹くかぜのことを何と呼ぶか,季節風,P543,jiyujizai,2021/07/26,all
山地では晴れた日の昼間に山の斜面が暖められられるためふもとから風が谷を吹き上がる。このような風のことを何と呼ぶか,谷風,P545,jiyujizai,2021/07/26,all
山地の晴れた日の夜は放射冷却で冷えた斜面をふもとへ向かって風が吹き降りる。このような風のことを何と呼ぶか,山風,P545,jiyujizai,2021/07/26,all
谷風と山風のことを合わせて何と呼ぶか,山谷風,P545,jiyujizai,2021/07/26,all
低緯度地域で東から西にふく風のことを何と呼ぶか,貿易風,P545,jiyujizai,2021/07/26,all
中緯度地域で西から東へふく風のことを何と呼ぶか,偏西風,P545,jiyujizai,2021/07/26,all
蛇行する偏西風のことを何と呼ぶか,偏西風波動,P545,jiyujizai,2021/07/26,all
高緯度地域で東から西へ吹く冷たい風のことを何と呼ぶか,極偏東風,P545,jiyujizai,2021/07/26,all
緯度の低い方から高い方へ移動する空気は冷たいか暖かいか,暖かい,P546,jiyujizai,2021/07/26,all
緯度の高い方から低い方へ移動する風は冷たいか暖かいか,冷たい,P546,jiyujizai,2021/07/26,all
暖かい海水の流れのことを何と呼ぶか,暖流,P546,jiyujizai,2021/07/26,all
冷たい海水の流れのことを何と呼ぶか,寒流,P546,jiyujizai,2021/07/26,all
暖流はどこからどこへ流れていくか,低緯度から高緯度,P546,jiyujizai,2021/07/26,all
寒流はどこからどこへ流れていくか,高緯度から低緯度,P546,jiyujizai,2021/07/26,all
海の表面を流れる海流だけでなく海の深い部分を循環する流れもある。このような流れのことを何と呼ぶか。2つ答えよ,深層循環、熱塩循環,P547,jiyujizai,2021/07/26,all
深層循環は世界を一周するのに何年かかると言われているか,2000年,P547,jiyujizai,2021/07/26,all
水が蒸発してきたになったものを何と呼ぶか,水蒸気,P548,jiyujizai,2021/07/26,all
水蒸気を限界まで含んだ空気の状態を何と呼ぶか,飽和,P549,jiyujizai,2021/07/26,all
空気1㎤に含むことのできる最大の水蒸気量のことを何と呼ぶか,飽和水蒸気量,P549,jiyujizai,2021/07/26,all
飽和水蒸気量は何の単位で表すことができるか,g/㎤,P549,jiyujizai,2021/07/26,all
水蒸気が水になることを何と呼ぶか,凝結,P549,jiyujizai,2021/07/26,all
水蒸気が凝結する時の温度を何と呼ぶか。2つ答えなさい,露点、露点温度,P549,jiyujizai,2021/07/26,all
大気圧の大きさは何などで表すか。3つ答えなさい,パスカル(Pa)ヘクトパスカル(hPa)気圧(atm),P55,jiyujizai,2021/08/09,all
飽和水蒸気量は気温が変わると値が変わるため空気1㎤中に含まれる水蒸気量が同じでも気温により湿度はかわる。そのためこの湿度を何と呼ぶか,相対湿度,P550,jiyujizai,2021/07/26,all
相対湿度に対して空気1㎥中の水蒸気量で湿度を表したものを何と呼ぶか,絶対湿度,P550,jiyujizai,2021/07/26,all
水蒸気が水滴や氷晶になるためには何となるものが必要であるか,核,P552,jiyujizai,2021/07/26,all
空気中のチリに水蒸気がつくと空気中に水滴や氷晶が浮かぶ。この空気中のちりは核としてはたらいている。このようなチリのことを何と呼ぶか。2つ答えなさい,凝結核、氷晶核,P552,jiyujizai,2021/07/26,all
0℃以下でも凍っていない水滴のことを何と呼ぶか,過冷却水滴,P554,jiyujizai,2021/07/26,all
湿った風が山にぶつかって山の風上側で雨を降らせたあと、山の反対側のふもとで高温の乾いた晴天となる現象のことを何と呼ぶか,フェーン現象,P554,jiyujizai,2021/07/27,all
シベリア気団、小笠原気団、オホーツク気団、揚子江気団、赤道気団のうち主な気団を3つ答えなさい,シベリア気団、小笠原気団、オホーツク気団,P554,jiyujizai,2021/07/28,all
地下水は約30年で何回入れ替わっていると考えられているか,1回,P555,jiyujizai,2021/07/27,all
待機中の水は1年間に約何回入れ替わっているとされているか。,約30回以上,P555,jiyujizai,2021/07/27,all
広い範囲で広がった水平方向に広がった温度や湿度などの性質が同じような空気のかたまりを何と呼ぶか,気団,P556,jiyujizai,2021/07/27,all
気団が隣り合うと気温や湿度の違う空気により不連続な面ができる。この面を何と呼ぶか,前線面,P556,jiyujizai,2021/07/27,all
日本列島の上を吹く偏西風によりあたたまった大陸からあたたかく乾いた空気を持った何がやってくるか,移動性高気圧,P556,jiyujizai,2021/07/28,all
オホーツク海気団と小笠原気団がぶつかると何ができるか,梅雨前線,P556,jiyujizai,2021/07/28,all
全線面が地表と接したところを何と呼ぶか,前線,P557,jiyujizai,2021/07/27,all
活発で温暖な空気が寒冷な空気の上に緩やかに乗り上げ広い範囲に層状の雲が広がる。このような前線のことを何と呼ぶか,温暖前線,P557,jiyujizai,2021/07/27,all
活発で寒冷な空気が温暖な空気が下に潜り込んで進んでいくような前線のことを何と呼ぶか,寒冷前線,P557,jiyujizai,2021/07/27,all
前線が同じところに停滞しやすい前線のことを何と呼ぶか,停滞前線,P557,jiyujizai,2021/07/27,all
寒冷前線と温暖前線が重なることのある前線のことを何と呼ぶか,閉塞前線,P557,jiyujizai,2021/07/27,all
梅雨が明けると小笠原気団からできた何から暖かく湿った南島の風が吹くか,太平洋高気圧,P557,jiyujizai,2021/07/28,all
赤道近くの北緯5〜20度の太平洋上に発生する低気圧のことを何と呼ぶか,熱帯低気圧,P557,jiyujizai,2021/07/28,all
熱帯低気圧内の風速が17.2メートル/s を超えると何と呼ばれるようになるか,台風,P559,jiyujizai,2021/07/27,all
気体の圧力は体積に反比例して変化する。このような法則を何の法則と呼ぶか,ボイルの法則,P56,jiyujizai,2021/08/10,all
気体の体積は温度に比例して変化する。このような法則を何の法則と呼ぶか,シャルルの法則,P56,jiyujizai,2021/08/10,all
積乱雲は大きく発達して対流圏と成層圏の境界に達することがあるが、それ以上上へは発達できないため横に広がり何となることがあるか,かなとこ雲,P561,jiyujizai,2021/07/28,all
各地の気象台や観測所で同時刻に観測された気象要素(風向・気圧・気温・雲量・風力など)の値を気象庁に集め地図上に記号で表したものを何と呼ぶか,天気図,P561,jiyujizai,2021/07/28,all
等圧線は何hPa間隔に引くのが基本であるか,4hPa,P561,jiyujizai,2021/07/28,all
天気はどこからどこへ移動するか,西から東,P562,jiyujizai,2021/07/28,all
秋の初めは梅雨の時期のように北と南からの風がぶつかって何ができやすいか。,停滞前線,P566,jiyujizai,2021/09/01,all
秋の初めにできる停滞前線のことをなんと呼ぶか,秋雨前線,P567,jiyujizai,2021/09/02,all
台風は反時計回りに吹き込む風が強く中心に何ができることもあるか,目,P568,jiyujizai,2021/07/28,all
都市特有の気候のことを何と呼ぶか,都市気候,P570,jiyujizai,2021/07/28,all
都市気候には何が挙げられるか。4つ答えよ,ヒートアイランド現象・ゲリラ豪雨・猛暑・冷害,P570,jiyujizai,2021/07/28,all
日本列島の南岸を発達しながら東に進んでいく低気圧のことを何と呼ぶか,南岸低気圧,P570,jiyujizai,2021/07/28,all
コンクリートやアスファルトの蓄熱、工場や家庭からの排熱が原因となる現象のことを何と呼ぶか,ヒートアイランド現象,P570,jiyujizai,2021/07/28,all
積乱雲によって生み出される局地的な大雨のことを何と呼ぶか,ゲリラ豪雨,P570,jiyujizai,2021/07/28,all
日本では多くの地域が何帯に属しているか,温帯,P570,jiyujizai,2021/07/28,all
南岸低気圧により太平洋側にもたらせるのは何か,大雪,P570,jiyujizai,2021/07/28,all
北の空を特殊な方法で撮影した時円弧の中心近くにある星を何と呼ぶか,北極星,P576,jiyujizai,2021/07/28,all
北の空を特殊な方法で撮影した時円弧の中心にある星を何と呼ぶか,天の北極,P576,jiyujizai,2021/07/28,all
北の空の星は天の北極と観察者を結ぶ線を軸の周りを何周りに回転しているか,反時計回り,P576,jiyujizai,2021/07/28,all
北の空の星は１時間に何度回っているか,15度,P576,jiyujizai,2021/07/28,all
南の空を特殊な方法で撮影した時、地平線より下にある点を中心に同心円状に動いているため平行のような曲線に見える。この地平線より下にある中心点は何と呼ばれているか,天の南極,P577,jiyujizai,2021/07/28,all
観測者の頭の真上にあたる点を何と呼ぶか,天頂,P577,jiyujizai,2021/07/28,all
1日の星の動きを恒星の何と呼ぶか,日周運動,P577,jiyujizai,2021/07/28,all
星空を見上げると、巨大な丸天井があって星はそれに貼り付いているように見える。この丸天井のことを何と呼ぶか,天球,P578,jiyujizai,2021/07/28,all
観測地点で紐を重りをつけて下げた時の直線(鉛直線)の延長上が天球上と交わった点を何と呼ぶか,天頂・天底,P578,jiyujizai,2021/07/28,all
天体が天の子午線を通過した時を何とよぶか,南中,P578,jiyujizai,2021/07/28,all
天の南極と天の北極を結ぶ線を何と呼ぶか,地軸,P578,jiyujizai,2021/07/28,all
星は動いて見えるが何は動いていないように見えるか,北極星,P578,jiyujizai,2021/07/28,all
いろいろな地球の地点での構成の動きをまとめてなんと呼ぶか,恒星の日周運動,P579,jiyujizai,2021/09/02,all
太陽の1日の動きを何と呼ぶか,太陽の日周運動,P581,jiyujizai,2021/07/28,all
9192631770回とはどんな数字か,セシウム原子の電磁波が１秒間に振動する回数,P583,jiyujizai,2021/07/28,all
原子によって定められた１秒をなんとよぶか,原子秒,P583,jiyujizai,2021/07/28,all
地球が地軸を中心として西から東に回転する動きのことを何と呼ぶか,地球の自転,P584,jiyujizai,2021/07/28,all
地球が太陽の周りを1年間で一周する動きを何と呼ぶか,地球の公転,P586,jiyujizai,2021/07/28,all
地軸は公転面に対して何度傾いているか,23.4度,P586,jiyujizai,2021/07/29,all
地球の地軸は公転面に対して何度傾いているか,66.6°,P586,jiyujizai,2021/09/02,all
地軸は公転面に垂直に立てた線に対して何度傾いているか,23.4°,P586,jiyujizai,2021/09/02,all
星の1年間の見かけの動きを何と呼ぶか,年周運動,P587,jiyujizai,2021/07/28,all
星座の中を西から東向きに移動する太陽の通り道を何と呼ぶか,黄道,P589,jiyujizai,2021/07/29,all
太陽の黄道上を西から東へ動く運動のことを何と呼ぶか,太陽の年周運動,P591,jiyujizai,2021/07/29,all
太陽が南中した時の地平線からの角度を何と呼ぶか,太陽の南中高度,P591,jiyujizai,2021/07/29,all
太陽の表面を何と呼ぶか,光球,P594,jiyujizai,2021/07/29,all
光球は約何度か,6000度,P594,jiyujizai,2021/07/29,all
光球面に洗われる黒い点のことをなんと呼ぶか,黒点,P594,jiyujizai,2021/07/29,all
黒点は約何度か,4000度,P594,jiyujizai,2021/07/29,all
太陽は何日で1回自転するか,25日,P595,jiyujizai,2021/07/29,all
太陽表面で見られる白い点のことを何と呼ぶか,白斑,P595,jiyujizai,2021/07/29,all
白斑は約何度か,7000度,P595,jiyujizai,2021/07/29,all
太陽の核は何により大量の熱を放射しているか,核融合反応,P595,jiyujizai,2021/07/29,all
太陽の大気を何と呼ぶか,コロナ,P595,jiyujizai,2021/07/29,all
コロナの縁から数千〜数万kmの高さとなる赤い炎のガス体のことを何と呼ぶか,プロミネンス,P595,jiyujizai,2021/07/29,all
月は太陽の周りを公転している地球の何であるか,衛星,P595,jiyujizai,2021/07/29,all
コロナの下部の大気で光球のすぐ上にある赤いオレンジ色のガス層を何と呼ぶか,彩層,P595,jiyujizai,2021/07/30,all
地球の近くにある天体との間の距離を表す時には何を使うか,天文単位,P596,jiyujizai,2021/07/29,all
太陽の表層で発生している爆発現象のことを何と呼ぶか,フレア,P596,jiyujizai,2021/07/30,all
太陽のエネルギーは水素原子が反応してヘリウム原子に変わるときに生じる。この反応のことをなんと呼ぶか,核融合反応,P596,jiyujizai,2021/07/30,all
太陽は地球から1億5000万km離れている。この距離のことを何と呼ぶか,一天文単位,P597,jiyujizai,2021/07/30,all
太陽の直径は約何万キロメートルか,約140万キロメートル,P597,jiyujizai,2021/07/30,all
地球と月の距離は約何キロメートルか,約38万キロメートル,P597,jiyujizai,2021/07/30,all
月の直径は何キロメートルか,約3500キロメートル,P597,jiyujizai,2021/07/30,all
月の表面にある暗い部分を何と呼ぶか,月の海,P599,jiyujizai,2021/07/30,all
月の海は主に何などの黒っぽい岩石からできているか,玄武岩,P599,jiyujizai,2021/07/30,all
月面上に多数ある円形の地形は何と呼ばれているか,クレーター,P599,jiyujizai,2021/07/30,all
月の公転周期と自転周期は何日か,約27.32日,P599,jiyujizai,2021/07/30,all
地球から見ると月は毎日少しずつ形を変えているようにも見える。これを何と呼ぶか,月の満ち欠け,P600,jiyujizai,2021/07/30,all
満月から次の満月までは何日かかるか,29.4日,P600,jiyujizai,2021/07/30,all
地球から見て太陽が月に隠されてしまう現象を何と呼ぶか,日食,P600,jiyujizai,2021/07/30,all
日食の日の地球から見る月は何であるか,新月,P600,jiyujizai,2021/07/30,all
太陽の全部が月に隠されることを何と呼ぶか,皆既日食,P601,jiyujizai,2021/07/31,all
太陽面の縁が黄金の指輪のように見える日食のことを何と呼ぶか,金環日食,P601,jiyujizai,2021/07/31,all
地球から見てつきが全て見えなくなるや一部がかけてみえることを何と呼ぶか,月食,P601,jiyujizai,2021/07/31,all
地球から見てつきが全て見えなくなることを何と呼ぶか,皆既月食,P601,jiyujizai,2021/07/31,all
月の一部がかけて見えることを何と呼ぶか,部分日食,P601,jiyujizai,2021/07/31,all
宇宙空間の中で元素などが周囲に比べて濃い部分をなんとよぶか,星間雲,P603,jiyujizai,2021/07/31,all
太陽のように自ら光を出して輝いている星のことをなんと呼ぶか,恒星,P604,jiyujizai,2021/07/31,all
恒星の光を反射して輝く星のことを何と呼ぶか,惑星,P604,jiyujizai,2021/07/31,all
惑星は地球より内側の軌道を公転している内惑星と外側の軌道を回っている何とに分けられているか,外惑星,P604,jiyujizai,2021/07/31,all
惑星は火星より内側にあって比較的体積が小さく密度が大きい何と木製より外側にあって体積が比較的大きく密度の小さな木星型惑星に分けることができるか,地球型惑星,P604,jiyujizai,2021/07/31,all
地球型惑星は主に何からできているか,岩石,P605,jiyujizai,2021/07/31,all
木星型惑星は主に何からできているか,ガス,P606,jiyujizai,2021/07/31,all
木星型惑星のしましました表面の内側には巨大な大気の塊である何が見られるか,大赤斑,P606,jiyujizai,2021/07/31,all
木星型惑星はチリや破片でできている何を持っているか,リング(環),P606,jiyujizai,2021/07/31,all
海王星の外側を回っているのは何星か,冥王星,P608,jiyujizai,2021/08/02,all
冥王星やエリスなどの5この天体を何惑星と呼ぶか,準惑星,P608,jiyujizai,2021/08/02,all
氷とチリからできた天体のことを何と呼ぶか,彗星,P609,jiyujizai,2021/08/02,all
地球以外の天体の小片が地球上に落下してきたものを何と呼ぶか,隕石,P609,jiyujizai,2021/08/02,all
火山活動などで一度も溶けた形跡がない隕石のことを何と呼ぶか,コンドライト,P609,jiyujizai,2021/08/02,all
 マグマが冷えて固まってできた隕石のことを何と呼ぶか,エコンドライト,P609,jiyujizai,2021/08/02,all
主に鉄とニッケルからできている隕石のことを何と呼ぶか,鉄隕石,P609,jiyujizai,2021/08/02,all
白っぽいものが多く南極大陸で見つかることの多い隕石のことを何と呼ぶか,月隕石,P609,jiyujizai,2021/08/02,all
火星の大気の成分と希ガスの存在比率がにている隕石のことを何と呼ぶか,火星隕石,P609,jiyujizai,2021/08/02,all
夕方の西の空に見える金星のことを何と呼ぶか,よいの明星,P610,jiyujizai,2021/08/02,all
明け方の東の空に見える金星のことを何と呼ぶか,明けの明星,P610,jiyujizai,2021/08/02,all
地球から見て太陽と惑星が最大に離れたときの角度を何と呼ぶか,最大離角,P610,jiyujizai,2021/08/02,all
互いの位置を変えない星座の中を毎日少しずつ西から東に惑星が移動することを何と呼ぶか,順行,P611,jiyujizai,2021/08/02,all
星座の中を東から西に惑星が移動することを何と呼ぶか,逆光,P611,jiyujizai,2021/08/02,all
星が天球上の1地点に集まっているように見える現象のことを何と呼ぶか,留,P611,jiyujizai,2021/08/02,all
互いの位置を変えない惑星が西から東に移動することを何と呼ぶか,順行,P611,jiyujizai,2021/09/02,all
星座の中を東から西に惑星が移動することを何と呼ぶか,逆行,P611,jiyujizai,2021/09/02,all
地球から2番目に近い恒星はケンタウロス座α星であるが光の速さでどのぐらいかかる距離にあるものか,4.3年,P612,jiyujizai,2021/08/02,all
一光年とは何か説明せよ,光が一年で進む距離,P612,jiyujizai,2021/08/05,all
一等星の明るさは六等星の明るさの何倍と決められているか,100倍,P613,jiyujizai,2021/08/05,all
恒星の出す光の色は恒星の何と深いつながりがあるか,表面温度,P613,jiyujizai,2021/08/05,all
表面温度が高くなるにつれて何色から何色になるか,だいだい色→黄色→うす黄色→白色→青白色,P613,jiyujizai,2021/08/05,all
太陽系を含む銀河をなんとよぶか,銀河系・天の川銀河,P616,jiyujizai,2021/08/05,all
宇宙発生説には宇宙はもともと火の玉でありこの火の玉が一気に膨張したためできたという何説があるか,ビッグバン説,P616,jiyujizai,2021/08/05,all
宇宙の年齢は何歳と言われているか,138億歳,P616,jiyujizai,2021/08/05,all
乾電池のように電流を生み出すものを何と呼ぶか,電源,P62,jiyujizai,2021/08/10,all
豆電池のように電流を使うものを何と呼ぶか,負荷,P62,jiyujizai,2021/08/10,all
電源と負荷を動線で繋ぎ電流が流れるようなひとまわりの道筋を何と呼ぶか,回路(電気回路),P62,jiyujizai,2021/08/10,all
電流の流れる向きは乾電池の何極から出て豆電球などを通り−極に流れる向きであるか,＋極,P62,jiyujizai,2021/08/10,all
モーターが回っている回路で乾電池の＋極とー極を反対にするとモーターの回転する向きはどうなるか,反対になる,P62,jiyujizai,2021/08/11,all
カイロの様子を何を用いて表したものを回路図というか,電気用図記号,P63,jiyujizai,2021/08/11,all
カイロの様子を電気用図記号を用いて表したものを何と呼ぶか,回路図,P63,jiyujizai,2021/08/11,all
豆電球を直列に繋いだ回路を何と呼ぶか,直列回路,P63,jiyujizai,2021/08/11,all
豆電球を並列に繋いだ回路を何と呼ぶか,並列回路,P63,jiyujizai,2021/08/11,all
並列繋ぎと直列繋ぎを豆電球1個と乾電池一個の明るさで比べた時どちらの方が明るいか,直列繋ぎ,P63,jiyujizai,2021/08/11,all
電流の大きさはどんな単位を使うか。3つ答えなさい,アンペア(A)、ミリアンペア(mA)、マイクロアンペア(µA),P64,jiyujizai,2021/08/11,all
電池には電流を流そうという働きがある。このような働きを何と呼ぶか,電圧,P66,jiyujizai,2021/08/11,all
電流の流れにくさのことをなんと呼ぶか,電気抵抗(抵抗),P70,jiyujizai,2021/08/11,all
回路に流れる電流の大きさは電圧の大きさに比例し抵抗の大きさに反比例するという特徴がある。このような特徴を何の法則と呼ぶか,オームの法則,P71,jiyujizai,2021/08/11,all
抵抗が小さく電流がよく流れる物質を何と呼ぶか,導体,P75,jiyujizai,2021/08/11,all
抵抗が大きくほとんど電流を流さないような物質を何と呼ぶか,不導体または絶縁体,P75,jiyujizai,2021/08/11,all
電気が持つエネルギーのことを何と呼ぶか,電気エネルギー,P78,jiyujizai,2021/08/12,all
電気器具が胃病あたりに使う電気エネルギーのことを何と呼ぶか,電力,P78,jiyujizai,2021/08/12,all
電気エネルギーの働きを何と捉えると電力は仕事量を表しているとも言えるか,仕事,P78,jiyujizai,2021/08/12,all
電気エネルギーの働きを仕事と捉えると電力は何を表しているとも言えるか,仕事量,P78,jiyujizai,2021/08/12,all
電力の大きさは何という単位で表すか。また、大きな電気はなんという単位で表すか,ワット(W)、キロワット（kW）,P79,jiyujizai,2021/07/08,all
電熱線に電流を流すと発生する熱の量を何と呼ぶか,熱量,P81,jiyujizai,2021/07/08,all
熱量の大きさは何という単位で表すか,ジュール(J),P81,jiyujizai,2021/08/12,all
電流による発熱量は電力と時間の積で表される。この関係を何の法則と呼ぶか,ジュールの法則,P81,jiyujizai,2021/08/12,all
消費した電気エネルギーの総量を何と呼ぶか,電力量,P83,jiyujizai,2021/08/12,all
摩擦によって起こる電気を何と呼ぶか,静電気,P86,jiyujizai,2021/08/12,all
物体が電気を帯びることをなんと呼ぶか,帯電,P86,jiyujizai,2021/08/12,all
電気には何の電気と何の電気の2種類があるか,＋の電気とーの電気,P87,jiyujizai,2021/08/12,all
原子の粒のうちの＋の粒のことを何と呼ぶか,陽子,P87,jiyujizai,2021/08/12,all
原子の中のーの電気の粒のことを何と呼ぶか,電子,P87,jiyujizai,2021/08/12,all
帯電していた電子が流れ出す現象や空間を電気が移動する現象を何と呼ぶか,放電,P89,jiyujizai,2021/08/12,all
陰極から陽極に向かって流れる粒子の流れを何と呼ぶか,陰極線,P92,jiyujizai,2021/08/12,all
陰極線はーの電気を持った粒子が陰極から陽極に向かって流れているものである。この粒子を何と呼ぶか,電子,P92,jiyujizai,2021/08/12,all
X線やX線に似たものを総称して何と呼ぶか,放射線,P95,jiyujizai,2021/08/12,all
磁石が鉄を引き付ける力や磁極間で働く引力や斥力を何と呼ぶか,磁力,P97,jiyujizai,2021/08/12,all
磁力が働く空間を何と呼ぶか,磁界・磁場,P97,jiyujizai,2021/08/13,all
磁界の様子を線で表したものを何と呼ぶか,磁力線,P98,jiyujizai,2021/08/13,all
鉄針に巻いたコイルに電流を流すと鉄針は何になるか,電磁石,P98,jiyujizai,2021/08/13,all
電流の流れる向きに対して方位磁石のN極がさす向きは右回りになる。これをネジを右に回すと前に進んでいくことになぞらえて何の法則と呼ぶか,右ねじの法則,P98,jiyujizai,2021/08/13,all
導線を円形に巻いたものを何と呼ぶか,コイル,P99,jiyujizai,2021/08/13,all
