question,answer,page,made_date
カナダ北部にはなんと呼ばれる民族がいるか,イヌイット,P42,1974/05/24
サハラ砂漠やアラビア半島の砂漠のオアシス周辺で行われる産業は？,農業,P42,1974/05/24
モンゴルなどの短い草が生える草原で行われる産業は？,遊牧,P42,1974/05/24
イタリアなどの地中海沿岸の地域で夏栽培されるのは？,オリーブやぶどう,P42,1974/05/24
イタリアなどの地中海沿岸の地域で雨の多い冬栽培されるのは？,小麦,P42,1974/05/24
アンデス山脈で栽培される食物は？,とうもろこしやじゃがいも,P42,1974/05/24
アンデス山脈で放牧がさかんな動物は？,リャマとアルパカ,P42,1974/05/24
エクアドルの首都キトは標高何メートルか？,2794m,P43,1974/05/24
雨を降らせやすい海流は暖流と寒流どちらか？,暖流,P43,1974/05/24
高緯度から低緯度に向かって流れるのは暖流と寒流どちらか？,寒流,P43,1974/05/24
待機の循環によって一定方向にふく風を二種類,貿易風や偏西風,P43,1974/05/24
季節によって反対方向に風向きをかえる風は？,季節風,P43,1974/05/24
中緯度から赤道に向かってふく風はで北半球では北東風、南半球では南東風になるのは？,貿易風,P43,1974/05/24
異常気象の原因と考えられている南アメリカ大陸沖から日付変更線までの界面の温度が平年より高い状態が続く現象,エルニーニョ現象,P43,1974/05/24
海面の温度が平年より低い状態が続く現象は？,ラニーニャ現象,P43,1974/05/24
世界の気候を５つ答えよ,熱帯・乾燥帯・温帯・冷帯・寒帯,P44,1974/05/24
赤道周辺の地域で１年を通して気温が高い気候帯,熱帯,P44,1974/05/24
熱帯雨林気候の地域で降る激しい雨のことは・,スコール,P44,1974/05/24
丈の長い草原の中にまばらな樹木が生える気候,サバナ気候,P44,1974/05/24
ほとんど雨がふらず砂や岩だけの砂漠が広がる気候,砂漠気候,P44,1974/05/24
砂漠気候の周辺に分布し、雨季にやや雨があり、丈の短い草原のステップが広がる気候,ステップ気候,P44,1974/05/24
サハラ砂漠の南側の砂漠化が進行している地域は？,サヘル,P44,1974/05/24
東アジアなどに分布。夏は高温多湿、冬は寒い。常緑樹と落葉樹の気候。,温暖湿潤気候,P44,1974/05/24
温暖湿潤気候の性質を決めているのは？,季節風,P44,1974/05/24
夏は高温で乾燥、冬は比較的降水量が多い気候。,地中海性気候,P44,1974/05/24
西岸海洋性気候を決定づける要素を２つ,偏西風と北大西洋海流,P44,1974/05/24
針葉樹林が広がり、下に永久凍土がある気候帯,冷帯,P44,1974/05/24
北極海沿岸に分布する気候,ツンドラ気候,P44,1974/05/24
南極・グリーンランドに分布し、１年中雪や氷に覆われている,氷雪気候,P44,1974/05/24
アンデス地方の服で１枚の布に穴をあけて首を入れるやつ。,ポンチョ,P46,1974/05/24
西アジア・北アフリカで女性が肌の露出を少なくするために着るもん,チャドル,P46,1974/05/24
インドで女性がきるやつ,サリー,P46,1974/05/24
朝鮮半島の女性の服,チマチョゴリ,P46,1974/05/24
とうもろこしを主食としているのはどこ？,中央アメリカや南アメリカ,P47,1974/05/24
イモ類を主食とするのは？,太平洋の島々やアフリカ,P47,1974/05/24
イヌイットがつくる氷の住居は？,イグルー,P47,1974/05/24
東南アジアなどで住居に使われている湿気を防ぐ住居,高床式住居,P47,1974/05/24
サハラ砂漠などの乾燥地帯で利用される住居の材料,日干し煉瓦,P48,1974/05/24
モンゴルで利用されるテントのこと,ゲル,P48,1974/05/24
イタリアの多くの住居の壁は何で作られている？,石,P48,1974/05/24
イヌイットの人が最近乗り始めた犬ぞりに代わるものは？,スノーモービル,P48,1974/05/24
母語人口が最も多い言語は？,中国語,P48,1974/05/24
キリスト教の聖地は？,エルサレム,P49,1974/05/24
キリスト教の経典は？,聖書,P49,1974/05/24
信者が最もおおい宗教は？,キリスト教,P49,1974/05/24
イスラム教の最大の聖地は？,メッカ,P49,1974/05/24
イスラム教の経典は？,コーラン,P49,1974/05/24
イスラム教を始めたのは？,ムハンマド,P49,1974/05/24
イスラム教を進行している地域は？,西アジア、東南アジア、北アフリカ,P49,1974/05/24
仏教の聖地は？,ブッダガヤ,P49,1974/05/24
仏教の経典は？,経,P49,1974/05/24
仏教を始めたのは？,シャカ,P49,1974/05/24
カーストという身分制度と深いつながりを持つ宗教,ヒンドゥー教,P49,1974/05/24
アジアは１６世紀ごろから始まったヨーロッパ諸国のアジア進出によって大部分の国々が欧米の何になった？,植民地,P50,1974/05/24
アジアの現在の人口は？,約４６億人,P50,1974/05/24
アジアの人口は世界のなん％？,約６０％,P50,1974/05/24
世界の屋根とよばれるアジアの山脈は？,ヒマラヤ山脈,P51,1974/05/24
中央アジアにある世界最大の塩湖は？,カスピ海,P51,1974/05/24
中華民国が建国された事件は？,辛亥革命,P51,1974/05/24
中国の北部にある砂漠は？,ゴビ砂漠,P52,1974/05/24
中国の西側にある砂漠は？,タクラマカン砂漠,P52,1974/05/24
中国の南西部にある高原と山脈は？,チベット高原とヒマラヤ山脈,P52,1974/05/24
中国の９０％の人は何族？,漢族,P53,1974/05/24
中国で自治を認められた地域があるがなんとよぶ？,自治区,P53,1974/05/24
人口の増加を抑えるために中国で施行されたのは？,一人っ子政策,P53,1974/05/24
一人っ子政策は何年に廃止されたか？,２０１５年,P53,1974/05/24
中国で１９５０年に設立された農地や生産手段の共有化などを進めたのは？,人民公社,P54,1974/05/24
中国の鉱産資源で有名なのは？,石炭・鉄鉱石・原油,P55,1974/05/24
石炭の生産が有名な中国の都市,フーシュン,P55,1974/05/24
鉄鉱石がよくとれる中国の都市,アンシャン、ターイエ,P55,1974/05/24
原油がよくとれる中国の都市,ターチン,P55,1974/05/24
華南地方の沿岸部に設置され、外国の投資を受け入れて工業生産や科学技術の発展を図ったのは？,経済特区、経済技術開発区,P55,1974/05/24
中国で２０００年頃から内陸部の重点的な開発を進めた,西部大開発,P55,1974/05/24
中国は世界の工場と呼ばれるほどになり、現在は○○の一つ,BRICS,P55,1974/05/24
中国の貿易は輸出額世界何位？,１位,P56,1974/05/24
輸入額では中国は世界何位？,２位,P56,1974/05/24
朝鮮半島で民家で暖を取るために利用されるのは？,オンドル,P56,1974/05/24
朝鮮半島が日本の植民地だったのは何年から何年？,1910-1945年,P57,1974/05/24
大韓民国と朝鮮民主主義人民共和国に別れたのは北緯何度？,３８度,P57,1974/05/24
韓国の宗教で多いのは？,儒教,P57,1974/05/24
韓国は１９６０年以降、日本や欧米からの資本や技術を導入して工業化が進み１９８０年代には○○の一つに数えられた。,アジアNIES,P58,1974/05/24
韓国で盛んな産業は？,ICT産業,P58,1974/05/24
マレーシアやインドネシアで信仰されている宗教は？,イスラム教,P59,1974/05/24
フィリピンで信仰されている宗教は？,キリスト教,P59,1974/05/24
アジア５カ国で形成されている１９６７年に結束した地域協力機構は？,ASEAN,P59,1974/05/24
東南アジアの平野部で古くから盛んな農業は？,稲作,P59,1974/05/24
大農園で商品作物を栽培する農業は？,プランテーション,P60,1974/05/24
インドネシアでよくとれる金属は？,すず,P60,1974/05/24
インドネシアでよくとれる燃料は？,原油,P60,1974/05/24
フィリピンでよくとれる金属は？,ニッケル,P60,1974/05/24
インドネシア・マレーシアでよくとれる燃料で日本が主な輸出先,天然ガス,P60,1974/05/24
２００２年にシンガポールと日本との間で関税の撤廃を含む協定が結ばれた,経済連携協定,P60,1974/05/24
シンガポールも○の一つと数えられている,アジアNIES（新興工業経済地域）,P61,1974/05/24
マレーシアで信仰されている宗教は？,イスラム教,P61,1974/05/24
タイの宗教は大半は？,仏教,P61,1974/05/24
タイの首都は？,バンコク,P62,1974/05/24
タイは１年中雨季があるので何がさかん？,米の二期作,P62,1974/05/24
ベトナムは南北が統一されて何国になった？,社会主義国,P62,1974/05/24
ベトナムの農産物で世界二位の生産を誇るのは？,コーヒー,P62,1974/05/24
インドネシアの宗教は？,イスラム教,P63,1974/05/24
フィリピンで盛んなプランテーション栽培。２つ農産物を答えよ。,バナナとココヤシ,P63,1974/05/24
インドの中部から南部にある高原は？,デカン高原,P64,1974/05/24
インドでかつて栄えた文明は？,インダス文明,P64,1974/05/24
インドは１９世紀にどこの植民地になったか？,イギリス,P64,1974/05/24
インドの宗教は？,ヒンドゥー教,P64,1974/05/24
インドに欧米の企業が進出して発展した産業は？,ICT産業,P64,1974/05/24
インドは急速に経済発展をとげて○の一つに数えられる,BRICS,P64,1974/05/24
パキスタンの宗教（メイン）,イスラム教,P65,1974/05/24
パキスタンとインドの国境で紛争が絶えない地方は？,カシミール地方,P65,1974/05/24
パキスタンで栽培が盛んなのは？,小麦と綿花,P65,1974/05/24
バングラディシュで栽培が盛んなのは？,米とジュート,P65,1974/05/24
スリランカで世界有数の生産を誇っているのは？,茶,P65,1974/05/24
ネパールに多いのは何教徒？,ヒンドゥー教徒,P65,1974/05/24
西アジアで発達した文明は？,メソポタミア文明,P66,1974/05/24
原油は油田から地中海沿岸やペルシア湾沿岸に送られる？何で？,パイプライン,P66,1974/05/24
石油産業の国有化、利権料や石油価格の値上げを行った団体は？,OPEC（石油輸出国機構）,P66,1974/05/24
サウジアラビアは国王一族が統治している何国家？,専制君主国家,P67,1974/05/24
サウジアラビアのオアシスで栽培されているのは？,小麦、野菜、なつめやし、綿花,P67,1974/05/24
アラブ首長国連邦（UAE)の首都は？,ドバイ,P67,1974/05/24
メソポタミア文明発祥の国は？,クウェート,P68,1974/05/24
２００３年にクウェートとどこが戦争をしたか？,アメリカ,P68,1974/05/24
ユダヤ民族がイスラエルを建国したがアラブの国々と戦争が絶えない問題は？,パレスチナ問題,P68,1974/05/24
儒教とはどんな人を敬うという教えがあるか？2つ答えなさい,祖先や目上の人,P68,1974/05/24
北朝鮮は2002年に日本と何条約を結んだか,日朝平壌宣言,P68,1974/05/24
フィリピンではキリスト教の何と呼ばれるものが信仰されているか,カトリック,P68,1974/05/24
ASEANを省略せずに答えよ,東南アジア諸国連合,P68,1974/05/24
東南アジアの気候は何の影響を受けて雨季と乾季が交互に現れるか,季節風(モンスーン),P68,1974/05/24
華人を説明せよ,移住地の国籍を取得した人,P68,1974/05/24
華僑を説明せよ,中国の国籍を持っている人,P68,1974/05/24
中国で起こっている一極集中を説明せよ,その都市に集中して企業が集まってくること,P68,1974/05/24
中国では近年何産業が発達しているか,情報通信技術(ICT)産業,P68,1974/05/24
ASEANは現在加盟国は何カ国になっているか,10か国,P68,1974/05/24
ASEANは域内の関税を引き下げて貿易の拡大を図る何を設立したか,ASEAN自由貿易地域(AFTA),P68,1974/05/24
2015年には地域間税を撤廃し、相互参入規制を緩和するため何を発足させたか,ASEAN共済共同体(AEC),P68,1974/05/24
プランテーションを説明しなさい,安い賃金で労働者を雇い商品作物を大量に単一栽培する大規模な畑のこと,P68,1974/05/24
東南アジア平野部ではなぜ昔から稲作が盛んなのか,程よい雨と温度だから,P68,1974/05/24
スラムを説明しなさい,上下水道が設備されていない粗末な建物,P68,1974/05/24
1973年に起こったアラブ諸島とイスラエルによる第4次中東戦争の時にOPEKは輸出制限と価格引き下げを決定した。そのために起こった世界経済打撃のことをなんと呼ぶ？,石油危機(オイルショック),P68,2021/06/27
イラクがクウェートへ侵入した時際に起こった戦争のことを何戦争と呼ぶか,湾岸戦争,P68,2021/06/27
2003年に起こったイラクとアメリカ合衆国との戦いのことを何戦争と呼ぶか,イラク戦争,P68,2021/06/27
サウジアラビアとアラブ首長国連邦の日本への原油輸出量だけで日本への原油輸出量の何%を超えているか,60%以上,P67,2021/06/27
イランでは何人(じん)が国の人口の約35%を締めているか,ペルシア人,P67,2021/06/27
イラン・イラク・クウェート・サウジアラビア・カタール・アラブ首長国連邦の1帯の原油埋蔵量は世界の約何割を占めるか,5割,P67,2021/06/27
イラン・イラク・クウェート・サウジアラビア・カタール・アラブ首長国連邦の1帯の原油産出量は世界の約何割を占めるか,３割,P67,2021/06/27
バングラデシュでは近年何工業が発展してきた？,繊維工業,P65,2021/06/27
ネパールでは農業と何登山に関連する観光業が盛んになっているか,ヒマラヤ,P65,2021/06/27
インドのガンジス川流域では米や小麦、デカン高原では綿花の栽培が盛んだがアッサム地方では何の栽培が盛ん？,茶,P64,2021/06/27
インドではなぜICT産業が盛んになった？,賃金水準が低く数学教育に力を入れていて、英語を話せる人が多いから,P65,2021/06/27
地球1周の長さは約何キロメートル？,約４万キロメートル,P24,2021/06/28
地球は太陽から何番目に遠いところを回っている？,三番目,P24,2021/06/28
地球の表面積は何平方キロメートル？,約5.1億平方キロメートル,P24,2021/06/28
地球の陸地と海洋の面積比を答えよ,7:3,P25,2021/06/28
三大洋を大きいものから順に答えなさい,太平洋、大西洋、インド洋,P25,2021/06/28
六大陸を大きいものから順に答えなさい,ユーラシア大陸、アフリカ大陸、北アメリカ大陸、南アメリカ大陸、南極大陸、オーストラリア大陸,P25,2021/06/28
6つの州を答えなさい,アジア州、アフリカ州、ヨーロッパ州、南アメリカ州、北アメリカ州、オセアニア州,P26,2021/06/28
アジア州を6つに分けなさい,西アジア、南アジア、東南アジア、東アジア、中央アジア、シベリア,P26,2021/06/28
世界には何個余の独立国があるか,190個,P27,2021/06/28
世界にある197か国のうちの国際連合に加盟していない国を全て答えなさい,バチカン市国、コソボ共和国、クック諸島、ニウエ,P27,2021/06/28
国境が全て海上にある国を何国と呼ぶか,島国,P27,2021/06/28
国境が全て隣り合わせとなっている国を何国と呼ぶか答えなさい,内陸国,P27,2021/06/28
世界で最も大きい国はどこですか,ロシア連邦,P28,2021/06/28
ロシア連邦の国土面積は日本の何倍ありますか,やく45倍,P28,2021/06/28
世界のおよその人口を答えなさい,約78億人,P28,2021/06/28
最も人口が多い国を答えなさい,中国,P28,2021/06/28
中国では何人の人が暮らしていますか,約14.4億人,P28,2021/06/28
アメリカ合衆国では何人の人が暮らしていますか,約3.3億人,P28,2021/06/28
赤道という意味を持っている国名は？,エクアドル,P28,2021/06/28
氷の国という意味の国名は？,アイスランド,P28,2021/06/28
地球儀で赤道と平行に引かれている線を何線と呼ぶ？,緯線,P31,2021/06/28
北極点と南極点を結ぶ線のことを何線と呼ぶ？,経線,P31,2021/06/28
赤道より北の緯線のことをなんと呼ぶ？,北緯,P31,2021/06/28
経度0度より東の経線をなんと呼ぶ？,東経,P31,2021/06/28
赤道より南の緯線のことをなんと呼ぶ？,南緯,P31,2021/06/28
本初子午線はどこの国にあるどこの都市を通っている？,イギリス、ロンドン,P31,2021/06/28
経度0度より西の経線のことを何線と呼ぶ？,西経,P31,2021/06/28
地球儀の利点を答えなさい,大陸や島の形、位置・面積・角度・方位が全て正しい,P30,2021/06/28
地球儀の欠点を答えなさい,球体のため1度に半分しかみれず地球全体を1度に見渡すことができないし持ち運びしにくい,P30,2021/06/28
世界地図の利点を答えなさい,地球の様子を平面に捉えていて世界全体を1度に見渡せる,P31,2021/06/28
世界地図の欠点を答えなさい,形や面積・方位・距離などが正しく表されていない,P31,2021/06/28
中心からの距離が正しく示せる図法のことを何図法とよぶか,正距方位図法,P32,2021/06/28
表面積が正しく表すことができる図法のことを何図法と呼ぶか,モルワイデ図法,P32,2021/06/28
緯線と経線を直角に交わらせてかける図法を何図法とよぶか,メルカトル図法,P32,2021/06/28
日本は何大陸の東にある国か,ユーラシア大陸,P33,2021/06/28
標準時の差のことをなんと呼ぶか,時差,P34,2021/06/28
180度の経線を沿うようになんと呼ばれる線が引かれているか,日付変更線,P34,2021/06/28
日本の標準時子午線は東経何度か,東経135度,P34,2021/06/28
日本の標準時子午線は何県の何市を通っているか,兵庫県明石市,P34,2021/06/28
領域は何と領海と領空からなるか,領地,P35,2021/06/30
領域は何と領海と領空からなるか,領海,P35,2021/06/30
領域は領地と領海と何からなるか,領空,P35,2021/06/30
日本列島は1番大きい何が中心になっているか,本州,P35,2021/06/30
日本は本州以外に何からなる島となっているか,九州・四国・北海道,P35,2021/06/30
北海道から沖縄までの距離は何キロメートルか,およそ三千キロメートル,P35,2021/06/30
日本の国土面積は約何万平方キロメートルか,約38万平方キロメートル,P35,2021/06/30
日本最北端は北海道の何島ですか,択捉島,P35,2021/06/30
日本の最西端は沖縄県の何島ですか,与那国島,P35,2021/06/30
日本の最南端は東京都の何島ですか,沖ノ鳥島,P35,2021/06/30
日本の最東端は東京都の何島ですか,南鳥島,P35,2021/06/30
波の浸食から島を守るために護岸工事を施された島は何島ですか,沖ノ鳥島,P35,2021/06/30
日本の領海は干潮時の海岸線から何海里進んだところまでですか,12海里,P36,2021/06/30
各国の領土沿岸から200海里のことをなんと呼ぶか,排他的経済水域,P36,2021/06/30
歯舞群島・色丹島・国後島・択捉島からなる群島のことをなんと呼ぶか,北方領土,P36,2021/06/30
北方領土は第二次世界大戦後にどこの国に不法占拠されたか,ロシア連邦,P36,2021/06/30
1952年から韓国は鳥取県に属する何島を自国の島だと主張するようになったか,竹島,P36,2021/06/30
沖縄県に属する何諸島は過去に中国や台湾から領有権を主張されていましたか。,尖閣諸島,P36,2021/06/30
日本は何個の都道府県に分けられるか,47個,P37,2021/07/01
都道府県はそれぞれ何個ずつあるか,1都1道2府43県,P38,2021/07/01
日本には海に面していない県がある。その県のことをなんと呼ぶか,内陸県,P38,2021/07/01
熱帯雨林が広がり1年中高温な地域は何気帯に属されるか,熱帯,P42,2021/07/01
熱帯雨林の入り口には何が広がるか,マングローブ,P42,2021/07/01
熱帯の海には何が広がるか,サンゴ礁,P42,2021/07/01
1年の大半は雪と氷に覆われているような期待を何気滞と呼ぶか,寒帯,P42,2021/07/01
冷帯にはなんと呼ばれる針葉樹林が広がっているか,タイガ,P42,2021/07/01
寒帯では一日中太陽が沈まない何が起こる時期があるか,白夜,P42,2021/07/01
カナダ北部には何と呼ばれる人々が暮らしているか,イヌイット,P42,2021/07/01
カリブーたちはかつては何を狩ることが主流だったか,カリブー,P42,2021/07/01
サハラ砂漠やアラビア半島のように雨がとても少ない気帯を何気帯と呼ぶか,乾燥帯,P42,2021/07/01
乾燥帯では何と呼ばれる湧水が出てくる周辺で生活しているか,オアシス,P42,2021/07/01
乾燥帯の短い草が生えている場所では家畜をあちこちに移動しながら飼う何が盛んに行われているか,遊牧,P42,2021/07/01
温暖な地域が多い気帯を何気帯とよぶか,温帯,P42,2021/07/01
イタリアなどの温帯では乾燥する夏に何などが作られるか,オリーブやぶどう,P42,2021/07/01
イタリアなどの雨の多い冬などに何が作られるか,小麦,P42,2021/07/01
日本では何の変化がはっきりしているか,四季,P42,2021/07/01
高山ではある程度標高が低いところではとうもろこしが作られるがとうもろこしが作られている標高より高い標高のところでは何が作られているか,じゃがいも,P42,2021/07/01
高山ではアルパカやリャマなどを放し飼う何が盛んか,放牧,P42,2021/07/01
海抜高度100mあたり何度気温が下がるか,0.55度,P43,2021/07/01
雨を降らせやすい海水は暖流と寒流のどちらか,暖流,P43,2021/07/01
乾燥させやすい海水は暖流と寒流のどちらか,寒流,P43,2021/07/01
季節によって流れ方を変える風のことをなんと呼ぶか,季節風(モンスーン),P43,2021/07/01
中緯度から極地方へ常に西から吹く風のことをなんと呼ぶか,偏西風,P43,2021/07/01
一年中暑く雨がよく降る気体のことを何気帯と呼ぶか,熱帯,P44,2021/07/01
雨がなかなか降らずオアシスが発生するところに人々が暮らす気帯の事を何気帯と呼ぶか,乾燥帯,P44,2021/07/02
乾燥帯では短い丈の草が広がる何草原が広がるか,ステップ,P44,2021/07/02
ステップ気候のなかにあるサハラ砂漠の南側のどこでは砂漠化が進んでいるか,サへル,P44,2021/07/02
温暖な気候で四季の変化が見られる気帯を何気帯と呼ぶか,温帯,P44,2021/07/02
温帯の中にある温暖湿潤気候は何アジアに分布しているか,東アジア,P44,2021/07/02
温暖湿潤気候の国の夏は海から吹く何の影響で高温多湿になるか,季節風,P44,2021/07/02
温暖湿潤気候の中の冬は大陸から吹く季節風によりどのような気候になっているか,寒い,P44,2021/07/02
温帯の中の地中海性気候で夏はどのような気候になっているか,高温で乾燥している,P44,2021/07/02
地中海性気候の中での冬はどのような気候になっているか,比較的降水量が多い,P44,2021/07/02
温帯の中の西岸海洋性気候は何ヨーロッパに属しているか,西ヨーロッパ,P44,2021/07/02
西岸海洋性気候は何風と何流のせいで高緯度な割に温暖であるか,偏西風・北大西洋海流,P44,2021/07/02
冷帯はどのような地域に属しているか,シベリアなどの高緯度な場所,P44,2021/07/02
タイガと呼ばれる針葉樹林の下にはなんと呼ばれる土が広がっているか,永久凍土,P44,2021/07/02
寒帯では樹林が育つか育たないか,育たない,P44,2021/07/02
寒帯の中のツンドラ気候は夏に雪が溶けわずかに何が生えるか,苔,P44,2021/07/02
寒帯の中の氷雪気候は1年中何や何に覆われているか,雪や氷,P44,2021/07/02
カナダ北部で暮らしている民族のことをなんと呼ぶか,イヌイット,P46,2021/07/02
イヌイットたちは何や何の毛で作った服を着ているか,トナカイ・あざらし,P46,2021/07/02
アンデス山脈の高地で暮らす人々はなんと呼ばれる服を着ているか,ポンチョ,P46,2021/07/02
ポンチョには何の動物の毛が使われているか,アルパカ,P46,2021/07/02
イスラム教徒に入っている女性はなんと呼ばれる服を着ているか,チャドル,P46,2021/07/02
チャドルの特徴を答えなさい,露出している場所が少ない,P46,2021/07/02
インドの女性はなんと呼ばれる服を着ているか,サリー,P46,2021/07/02
朝鮮半島の女性はなんと呼ばれる服を着て生活しているか,チマ・チョゴリ,P46,2021/07/02
米を主食とする地域は何が多いか,降水量,P47,2021/07/02
米を麺にして食したりすることがあるがその米の粉から作る麺のことをなんと呼ぶか,ビーフン,P47,2021/07/02
米を作ることを何作と呼ぶか,稲作,P47,2021/07/02
雨の少ない場所では何がよく作られるか,小麦,P47,2021/07/02
小麦などを作ることを何作と呼ぶか,畑作,P47,2021/07/02
小麦は主に何とされ食されることが多いか,パンや、パスタ,P47,2021/07/02
中央アメリカや南アメリカでは何が主に食べられているか,とうもろこし,P47,2021/07/02
太平洋の島々やアフリカの人々は主に何芋や何が食されているか,タロイモやキャッサバ,P47,2021/07/02
イヌイットの住む家のことをなんとよぶか,イグルー,P47,2021/07/02
イグルーは何でできているか,氷,P47,2021/07/02
高温多雨で高温多湿の熱帯は家の中に熱や湿気がこもらないようにどのような工夫がされているか,高床式にしている,P47,2021/07/02
乾燥帯の家は何でできているか,日干し煉瓦,P47,2021/07/02
日干しレンガの家にするとどのようないいことがあるか,強い日差しを防げる,P48,2021/07/02
乾燥帯の家の窓は小さい。それはなぜ？,熱い風や砂埃の侵入を防ぐため,P48,2021/07/02
モンゴルでは遊牧が盛ん。では住居はどのようになっていいる？,折りたたみ式で持ち運びしやすくなっている(ゲル),P48,2021/07/02
イタリアの住居の材料は何？,石,P48,2021/07/02
イタリアの住居は窓が小さい。それはなぜ？,強い日差しを防ぐため,P48,2021/07/02
イヌイットは犬ぞりや何を使って移動している？,スノーモービル,P48,2021/07/02
キリスト教の聖地はどこ？,エルサレム,P49,2021/07/02
キリスト教を始めたのは誰？,イエス=キリスト,P49,2021/07/02
キリスト教の教典をなんとよぶ？,聖書,P49,2021/07/02
イスラム教の聖地はどこ？,メッカ,P49,2021/07/02
イスラム教の聖典を何と呼ぶ？,コーラン,P49,2021/07/02
イスラム教は誰が7世紀ごろに始めた？,ムハンマド,P49,2021/07/03
仏教の聖地はどこ？,ブッダガヤ,P49,2021/07/03
仏教の教典を何と呼ぶ？,経,P49,2021/07/03
仏教は誰が紀元前7世紀ごろに始めた？,シャカ,P49,2021/07/03
ヒンドゥー教は何と呼ばれる身分制度と深いつながりを持っている？,カースト,P49,2021/07/03
ヒンドゥー教徒は神の使いとされる何を食べていない？,牛,P49,2021/07/03
ヒンドゥー教徒は聖なる川とされるガンジス川で身を清める何を行う？,沐浴,P49,2021/07/03
イスラム教徒は飲酒をせず何を食べない？,ぶた,P49,2021/07/03
イスラム教徒はなぜ豚を食べない？,豚をけがわらしい生き物だと思っているから,P49,2021/07/03
イスラム教徒は1日に何回メッカに向かって祈る？,5回,P49,2021/07/03
イスラム教徒は何ヶ月の断食を行う時期がある？,1ヶ月,P49,2021/07/03
キリスト教徒は何曜日に教会へ礼拝へ行くか,日曜日,P49,2021/07/03
アジアの人口は世界の人口の何割を占める？,６割,P50,2021/07/03
アジアの中央には世界の何と呼ばれる8000メートル級の山々が連なっている？,世界の屋根,P51,2021/07/03
アジアの中央には世界で1番大きな何山脈がある？,ヒマラヤ山脈,P51,2021/07/03
ヒマラヤ山脈の近くには何と呼ばれる高原が広がっている？,チベット高原,P51,2021/07/03
ラオスやシンガポール、タイ、ベトナムがある半島を何半島と呼ぶ？,インドシナ半島,P51,2021/07/03
中華人民共和国から海に流れ出てくる河川を2つ答えなさい,黄河、長江,P51,2021/07/03
インドシナ半島に流れる河川を答えなさい,メコン川,P51,2021/07/03
河口付近で文明が発展した川を答えなさい,インダス川,P51,2021/07/03
中央アジアには世界最大の何海があるか。2つ答えなさい,カスピ海、アラル海,P51,2021/07/03
アジア東部から南部にかけては夏と冬で風向きが変わる何風が流れているか,季節風,P51,2021/07/03
インドシナ半島や南アジアでは夏は海から吹く季節風によって何季となるか,雨季,P51,2021/07/03
インドシナ半島や南アジアでは冬は大陸から吹く季節風によって何季となるか,乾季,P51,2021/07/03
赤道付近では年中どんな気候であるか,高温多雨,P51,2021/07/03
モンゴル高原や中央アジア、西アジアでは季節風の影響を受けず雨が少ないため何が広がっているか,砂漠,P51,2021/07/03
シベリアには夏でも地中の氷が溶けない何が広がっているか,永久凍土,P51,2021/07/03
中国の黄河流域では何文明が発洋したか,中国文明,P52,2021/07/03
中国利権の争奪が起こった後何革命が起こり中華民国が建国されたか,辛亥革命,P52,2021/07/03
中国と日本は1978年に何条約が結ばれたか,日中平和友好条約,P52,2021/07/03
中国の北部には何砂漠が広がっているか,ゴビ砂漠,P52,2021/07/03
中国の西部には何砂漠が広がっているか,タクラマカン砂漠,P52,2021/07/03
中国は国の人口の９割を何族が占めるか,漢族,P53,2021/07/03
中国には自治を認めた何区があるか,自治区,P53,2021/07/03
中国の人口は約何人？,約14.4億人,P53,2021/07/03
中国は人口の増加を抑えるために何政策を始めた？,一人っ子政策,P53,2021/07/03
中国は1980年代には農村部に人口の何割が暮らしていた？,８割以上,P53,2021/07/03
現在の中国の都市部には人口の何割以上が生活している？,5割以上,P53,2021/07/03
中国の北部では何作が盛ん？,畑作,P54,2021/07/03
中国の南では何作が盛ん？,稲作,P54,2021/07/03
中国の穀物の生産量の割合は世界の穀物の生産量の割合の約何割を占めている？,約２割,P54,2021/07/03
経済特区とは何？,外国資本を導入して資本主義経済の原理に基づく経済活動が認められている地区,P54,2021/07/03
中国の製品は全世界に輸出されている。そのため何と呼ばれるようになったか,世界の工場,P54,2021/07/03
元々大韓民国の保存食であったが日本でもよく食べられるようになっている食べ物は何？,キムチ,P54,2021/07/03
韓国では何の教えが生活に大きく影響しているか,儒教,P54,2021/07/03
儒教にはどのような教えが入っているか,親や目上の人を尊敬し食事の際には箸を使う,P54,2021/07/03
ヨーロッパの地中海沿岸ではなに文明が発展したか,古代ギリシャ・ローマ文明,P69,2021/07/04
ヨーロッパの地中海沿岸では15世紀から何時代が始まったか,大航海時代,P69,2021/07/04
イギリスでは18世紀半ばに何革命が起こったか,産業革命,P69,2021/07/04
18世期にイギリスで起こった産業革命後イギリスでは何主義が確立したか,資本主義,P69,2021/07/04
1990年代に冷戦は終結しその以降何による経済統合が進められたか,ヨーロッパ連合(EU),P69,2021/07/04
ヨーロッパ北部のスカンディナビア半島には氷河の侵食を受けた複雑な海岸線の何がみられるか,フィヨルド,P69,2021/07/04
ヨーロッパ北部から中央部にかけては何川と何川が流れているか,ライン川・ドナウ川,P69,2021/07/04
ライン川やドナウ川などの河川のことを何河川と呼ぶか,国際河川,P69,2021/07/04
ヨーロッパ内部には何山脈を中心とした山々が連なっているか,アルプス山脈,P69,2021/07/04
西ヨーロッパは暖流の何海流と何風の影響で高緯度の割に比較的温暖か,北大西洋海流・偏西風,P70,2021/07/04
西ヨーロッパは何気候か答えなさい,西岸海洋性気候,P70,2021/07/04
ヨーロッパ南部の地中海沿岸は夏は何が少なく乾燥し冬は雨が多く温暖な気候であるか,雨,P70,2021/07/04
地中海沿岸部は何気候か答えなさい,地中海性気候,P70,2021/07/04
ヨーロッパの中の北極圏では何が見られるか,白夜,P70,2021/07/04
白夜とは何か説明しなさい,1日中太陽が沈まない日,P70,2021/07/04
ヨーロッパ州には約何億人の人が暮らしているか,約7.5億人,P70,2021/07/04
ドイツ・イギリス・北ヨーロッパ連合では何系民族が多く暮らしているか,ゲルマン系民族,P70,2021/07/04
フランス・イタリア・スペインなどでは何系民族が多く暮らしているか,ラテン系民族,P70,2021/07/04
ロシア連邦・東ヨーロッパ連邦には何系の民族が多く暮らしているか,スラブ系民族,P70,2021/07/04
キリスト教の宗派を全て答えなさい,カトリック・プロテスタント・正教会,P70,2021/07/04
アルプス山脈の北側では穀物栽培と家畜の飼育のどちらも合わせた農業が盛ん。このような農業のことを何農業と呼ぶ？,混合農業,P71,2021/07/04
地中海沿岸地域では乾燥に強いオレンジ、ブドウ、オリーブなどの乾燥に強い植物の栽培が盛ん。このような農業方法を何農業と呼ぶ？,地中海式農業,P71,2021/07/04
ヨーロッパ北部やアルプス地方では何が盛んに行われている？,酪農,P71,2021/07/04
18世紀後半にイギリスではじまったのは何革命か,産業革命,P71,2021/07/05
イギリスでとれたたくさんの石炭は何川を通して運んでいたか,ライン川,P71,2021/07/05
ドイツには何工業地帯がある？,ルール工業地帯,P72,2021/07/05
トリノやミュンヘンやシュツットガルトでは何工業が発展しているか,自動車工業,P72,2021/07/05
トゥールーズでは何工業が立地している？,航空機工業,P72,2021/07/05
ヨーロッパでは何の影響で広範囲の森林が枯れたり湖の生物が減少しているか,酸性雨,P72,2021/07/05
大気汚染などの現象を目的として始めた政策を何と呼ぶか,パークアイランド,P72,2021/07/05
ヨーロッパ連合加盟国はどのようなエネルギーを使っているか,再生可能エネルギー,P72,2021/07/05
1948年、オランダ・ベルギー・ルクセンブルクの三国は何同盟をしたか,関税同盟,P73,2021/07/05
1958年にはより幅広い分野での統合を目的に何が発足したか,ヨーロッパ経済共同体(EEC),P73,2021/07/05
1967年にEECは何に変わったか,ヨーロッパ共同体(EC),P73,2021/07/05
1993年に経済通貨の統合や共通の外交・安全保障政策を目指す何が発展したか,ヨーロッパ連合(EU),P73,2021/07/05
EUの本部はどこの国のどこにあるか,ベルギー、ブリュッセル,P74,2021/07/05
EUでは単一通貨の何が導入されたか,ユーロ,P74,2021/07/05
イギリスの正式国名を答えよ,グレートブリテン及び北アイルランド連合王国,P75,2021/07/05
イギリスの首都ロンドンには何線が通るか,本初子午線,P75,2021/07/05
イギリスは世界の何分の何に及ぶ広大な植民地を支配したか,四分の一,P75,2021/07/05
イギリスは何海流と何風の影響を受けているか,北大西洋海流、偏西風,P75,2021/07/05
イギリスでは1960年代に何油田が開発されたか,北海油田,P75,2021/07/05
フランスでは1789年には人民主権などをうたった何宣言が出されたか,人権宣言,P76,2021/07/05
フランスの南部は何気候か,地中海性気候,P77,2021/07/05
フランスはEU最大の何国か,農業国,P77,2021/07/05
フランスのボルドーやシャンパーニュ地方などでは何の醸造が盛んか,ワイン,P77,2021/07/05
フランスでは現在発電量の71%を何発電が占めているか,原子力発電,P77,2021/07/05
ドイツでは大部分が何民族であるか,ゲルマン民族,P78,2021/07/05
ドイツでは第二次世界大戦後に何の壁が破壊されたか,ベルリンの壁,P78,2021/07/05
ドイツの北部や東部では何と何麦の栽培が盛んか,じゃがいも、ライ麦,P78,2021/07/05
ドイツ中南部では何麦と何の栽培が盛んか,小麦・てんさい,P78,2021/07/05
ドイツの大部分は何気候を占めているか,西岸海洋性気候,P78,2021/07/05
ドイツでは何の生産が盛んか,ビール,P79,2021/07/06
ドイツのミュンヘン周辺ではビールの原料となる何と何の生産が盛んか,ホップ、大麦,P79,2021/07/06
ドイツではルール工業地帯のエッセンやドルトムントで何業が発達したか,鉄鋼業,P79,2021/07/06
ドイツでは労働者不足が起こったためどこの国から労働者を多く受け入れたか,トルコなど,P79,2021/07/06
ドイツでは多くの何民が戦争を逃れてやってきているか,難民,P79,2021/07/06
ドイツでは急速に工業化が進んだため大気汚染や何雨などの影響が見られるようになってきたか,酸性雨,P79,2021/07/06
ドイツでは何と呼ばれる政策を実行し成果を上げているか,パークアイランド,P79,2021/07/06
オランダの気候を答えなさい,西岸海洋性気候,P80,2021/07/06
オランダは海面より低い土地が多いため何と呼ばれる干拓地が多いか,ポルダー,P80,2021/07/06
ポルダーは国土の何分の何を占めているか,4分の1,P80,2021/07/06
ドイツでは園芸農業による何の栽培が盛んか,チューリップなどの花き,P80,2021/07/06
オランダのライン川河口近くのロッテルダムにEUの入り口と呼ばれる何ポートがあるか,ユーロポート,P80,2021/07/06
イタリアでは1〜2世紀ごろに何帝国が繁栄したか,ローマ帝国,P81,2021/07/06
イタリアでは14世紀から何が始まったか,ルネサンス,P81,2021/07/06
イタリアの首都ローマには世界一面積が小さい何市国があるか,バチカン市国,P81,2021/07/06
イタリアの大部分は何系民族か,ラテン系民族,P81,2021/07/06
イタリアの大部分は何の信者が多数を占めるか,カトリック,P81,2021/07/07
イタリアは国土の大部分が何気候であるか,地中海性気候,P81,2021/07/07
イタリア北部では何と何と何の工業が発達しているか,繊維・自動車・鉄鋼、造船,P81,2021/07/07
第3のイタリアと呼ばれている場所を答えなさい,ミラノ・トリノ・ジェノバ,P81,2021/07/07
イタリアでは南北の何格差が著しいか,経済格差,P81,2021/07/07
ギリシャは何が行われる場所として有名か,オリンピック,P82,2021/07/07
ギリシャでは紀元前300年ごろ〜紀元前1200年ごろまで何文明が発展していたか,ニーゲ文明,P82,2021/07/07
ギリシャではアテネなどの何国家を中心とした文明が発達したか,都市国家(ポリス),P82,2021/07/07
スペインポルトガルの国民の多くは何民族か,ラテン系民族,P82,2021/07/07
スイスは1815年世界で初めて何国となったか,永世中立国,P82,2021/07/07
スイスでは農業の何が盛んか,酪農,P82,2021/07/07
スイスでは何牧が盛んか,移牧,P82,2021/07/07
オーストリアでは何がは流域で混合農業が行われているか,ドナウ川,P83,2021/07/07
オーストリアの首都はどこ？,ウィーン,P83,2021/07/07
オーストリアの首都ウィーンは何の都と呼ばれるか,音楽の都,P83,2021/07/07
ノルウェーは何半島に属しているか,スカンディナビア半島,P83,2021/07/07
ノルウェーは氷河の侵食による何が見られるか,フィヨルド,P83,2021/07/07
ノルウェーの夏は一日中太陽が沈まない何が見られるか,白夜,P83,2021/07/07
スウェーデンは何の授賞式が行われる場所として有名か,ノーベル賞,P83,2021/07/07
スウェーデンは何工業が発展している国として発展している国か,鉄鋼業・パルプ工業,P83,2021/07/07
フィンランドは国土の約７割が何で覆われているか,森林,P83,2021/07/07
デンマークは何農に力を入れているか,酪農,P83,2021/07/08
デンマークは何力発電の導入を積極的に進めているか,風力発電,P83,2021/07/08
ポーランドでは何民族が多く暮らしているか,スラブ系民族,P84,2021/07/08
ポーランドは何の信者が多いか,カトリック,P84,2021/07/08
ポーランドは何年にEUに加盟したか,2004年,P84,2021/07/08
チェコは何民族が多いか,スラブ系民族,P84,2021/07/08
チェコの首都はどこ？,プラハ,P84,2021/07/08
チェコでは何工業が発達している？,鉄鋼・自動車工業,P84,2021/07/08
ハンガリーは何工業が発達しているか,アルミニウムや機械・科学工業,P84,2021/07/08
ルーマニアは何系民族が多く暮らしているか,ラテン系民族,P84,2021/07/08
ルーマニアの首都はどこ？,ブカレスト,P84,2021/07/08
ブカレストはバルカンの何と呼ばれることもある？,小パリ,P84,2021/07/08
ブルガリアは何と何の香水が有名か,ヨーグルト・ばら,P84,2021/07/08
ロシア連邦は1922年に世界初となる社会主義国家となる何が成立したか,ソビエト社会主義共和国連邦(ソ連),P85,2021/07/08
1985年に何と呼ばれる改革・開放路線をとったか,ベレストロイカ,P85,2021/07/08
ロシア連邦は何山脈を挟んでヨーロッパ州とアジア州にまたがっているか,ウラル山脈,P85,2021/07/08
ロシア連邦の国土面積は日本の国土面積の何倍か,約45倍,P85,2021/07/08
ロシア連邦北部は何帯が広がるか,寒帯,P85,2021/07/08
何系民族がロシアの人口の約８割を占めるか,スラブ系民族,P85,2021/07/08
ロシアではキリスト教の何を信仰する人が多いか,ロシア正教,P85,2021/07/08
ロシアには何この標準時が設けられているか,11こ,P85,2021/07/08
ロシアは何の世界的産地となっているか,小麦,P86,2021/07/08
ロシア連邦の原油生産量は世界第何位となっているか,第2位,P86,2021/07/08
ロシア連邦では産出した原油や天然ガスは何を通してヨーロッパ諸国などへ輸出されるか,パイプライン,P86,2021/07/08
ロシア連邦ではソ連解体後に経済が急速に発展したため何の一つに数えられるようになったか,BRICS,P87,2021/07/08
ロシア連邦と日本とでは何問題が未解決のままの残されているか,北方領土問題,P87,2021/07/08
ウクライナでは1986年に何発電所大爆発が起こったか,チェルノブイリ発電所,P87,2021/07/08
バルト参加国はどことどことどこのことか,エストニア・ラトビア・リトアニア,P87,2021/07/08
北アフリカのナイル川流域に何文明が起こったか,エジプト文明,P88,2021/07/08
中・南アフリカは何砂漠より南側の地域のことを指すか,サハラ砂漠,P88,2021/07/08
アフリカの何じんが貿易の対象として強制的にアメリカ大陸などに連れて行かれたか,黒人,P88,2021/07/08
アフリカの大部分は何として分割したか,植民地,P88,2021/07/08
1960年はアフリカ大陸で17もの独立国が誕生したことから何と呼ばれるか,アフリカの年,P88,2021/07/08
アフリカ大陸からは世界最長の何川が流れているか,ナイル川,P89,2021/07/08
アフリカ大陸のほぼ中心を何が通っているか,赤道,P89,2021/07/08
アフリカ大陸の赤道周辺は何で覆われているか,熱帯雨林,P89,2021/07/08
アフリカ大陸の南北の端は何気候となっているか,地中海性気候,P89,2021/07/08
アフリカの国境線はどのようなものが多いか,直線的な国境,P89,2021/07/08
サハラ砂漠の南側には何がありますか,サヘル,P90,2021/07/08
アフリカ大陸では何農業が盛んか,プランテーション農業,P90,2021/07/08
アフリカ大陸北部では何の地下資源が豊富か,原油,P90,2021/07/08
アフリカ大陸中・南部ではどんな地下資源が豊富か,金や銅・ダイヤモンド・レアメタル,P90,2021/07/08
アフリカ大陸には何経済の国が多いか,モノカルチャー経済,P90,2021/07/08
アフリカ大陸では路上や何で暮らす人も多いですか,スラム,P91,2021/07/08
エジプトの首都はどこですか,カイロ,P91,2021/07/08
ケニアの高原地帯では何や何の生産が盛んか,茶やコーヒー豆,P91,2021/07/08
ケニアでは何による観光収入も多いか,サファリ,P91,2021/07/08
南アフリカ共和国では人種隔離政策である何を長い間行なってきたか,アパルトヘイト,P91,2021/07/08
南アフリカ共和国では何工業が盛んか,鉄鋼・自動車・化学工業,P92,2021/07/08
南アフリカ共和国は経済が発展してきているため何の一つとして数えられているか,BRICS,P92,2021/07/08
コートジボワールでは何の生産量が世界一位ですか,カカオ豆,P92,2021/07/08
ナイジェリアでは輸出の約80%以上を何が占めるか,原油,P93,2021/07/08
北アメリカではコロンブスが西インド諸島に到達する以前は何と呼ばれる先住民が暮らしていたか,ネイティブアメリカン,P93,2021/07/08
メキシコでは何文明や何文明が栄えたか,マヤ文明やアステカ文明,P93,2021/07/08
マヤ文明やアステカ文明はどこの国に侵略されたか,スペイン,P93,2021/07/08
北アメリカ東部には低くなだらかな何山脈が連なっているか,アパラチア山脈,P93,2021/07/08
北アメリカ西部には高く険しい何山脈が連なっているか,ロッキー山脈,P93,2021/07/08
北アメリカ中央部には何川が流れるか,ミシシッピ川,P93,2021/07/08
ミシシッピ川流域には広大な何が広がっているか,中央平原　,P93,2021/07/08
中央平原の西側には何と呼ばれる草原が広がっているか,プレーリー　,P93,2021/07/08
ロッキー山脈とプレリーの間には何と呼ばれる乾燥した大平原があるか,グレートプレーンズ,P93,2021/07/08
アメリカ産業の発展の元となったのは何開拓のおかげか,西部開拓,P93,2021/07/08
カナダとアラスカの大部分は何が分布する冷帯気候か,タイガ,P94,2021/07/08
北アメリカ大陸では夏に何が発生するか,ハリケーン,P94,2021/07/08
アメリカ合衆国ではヨーロッパ人の移住により何は迫害され強制移住させられたか,ネイティブアメリカン,P94,2021/07/08
アメリカ合衆国の太平洋や大西洋岸には何系民族が多いか,アジア系民族,P94,2021/07/08
近年増加してきているのはメキシコやアラブ海沿岸の国々からアメリカ合衆国から渡ってきた住民である。このような住民のことを何と呼ぶか,ヒスパニック,P94,2021/07/08
アメリカ合衆国では多くの人種や民族が互いの文化を尊重しながら生活しているためアメリカ合衆国は何と呼ばれることもあるか,人種のサラダボウル,P94,2021/07/08
カナダの人口のやく40%は何系住民か,イギリス系住民,P94,2021/07/08
カナダの東部にあるのは何州か,ケペック州,P94,2021/07/08
メキシコはスペインによる植民地支配を受けたため白人と先住民の混血である何の割合が最も多いか,メスチソ,P94,2021/07/08
アメリカ合衆国では農家の経営を支えている企業がある。この企業のことを何企業と呼ぶか,アグリビジネス,P95,2021/07/08
生産された農作物は海外にも多く輸出されているためアメリカ合衆国は何とも呼ばれることがあるか,世界の食糧庫,P95,2021/07/08
アメリカ合衆国では近年何を用いて他の作物の遺伝子を組み込んだりしているか,バイオテクノロジー,P95,2021/07/08
アメリカ合衆国では病害虫に強いなどの性質をもったなに組み換え作物が急速に普及しているか,遺伝子組み換え作物,P95,2021/07/08
とうもろこし地帯は何とも呼ばれるか,コーンベルト,P95,2021/07/08
とうもろこし地帯は何の生産も盛んか,大豆,P95,2021/07/08
綿花の栽培が盛んな地域のことを何と呼ぶか,コットンベルト,P96,2021/07/08
ロッキー山脈の東側には何があるか,グレートプレーンズ,P96,2021/07/08
地下水をかんがいに利用方式のことを何方式と呼ぶか,センターピポット方式,P96,2021/07/08
アメリカ合衆国東部には何炭田や何鉄山があるか,アパラチア炭田・メサビ鉄山,P96,2021/07/08
アメリカ合衆国では近年何企業が誕生したか,多国籍企業,P97,2021/07/08
近年鉄鋼企業や自動車社企業は停滞しているが、かわって何産業の分野が発展しているか,先端技術産業,P97,2021/07/08
アメリカ合衆国では1970年代に何と呼ばれる北緯37度以南の地域で工業化が進んだか,サンベルト,P97,2021/07/08
アメリカ合衆国のサンノゼ周辺は半導体工場やコンピューター関係の会社が集中していることから何と呼ばれているか,シリコンバレー,P97,2021/07/08
アメリカ合衆国とメキシコとカナダの3カ国は自由貿易圏を作ることを目的として何を結んだか,北米自由貿易協定(NAFTA),P98,2021/07/08
カナダ南部では何の栽培が盛んか,小麦,P99,2021/07/08
カナダ北部にはタイガが広がるため何業が盛んか,林業,P99,2021/07/08
カナダでは電力を元とした何工業が盛んか,アルミニウム工業,P99,2021/07/08
カナダの国土面積は日本の何倍か,約26倍,P99,2021/07/08
メキシコの国土面積は日本の国土面積の何倍か,約5倍,P100,2021/07/16
メキシコの人種・民族構成は何系民族が60%先住民が30%スペイン系白人が9%を占めているか,メスチソ,P100,2021/07/16
メキシコではなんの産出量が世界第一位か,銀,P100,2021/07/16
南アメリカ大陸のアンデス山脈ではかつて何文明が栄えていたか,インカ文明,P101,2021/07/16
スペインやポルトガルは南アメリカ大陸の先住民の何を奴隷としてしたか　　　　　　　　　　　　　　　　　　　　　　　　　　　　　　　　　　　　　　　　　　　　　　　　　　,インディオ,P101,2021/07/16
20世紀の初めから日系人の移住が始まったため現在でも多くの何が生活しているか,日系人,P102,2021/07/16
南アメリカでは昔スペインやポルトガルなどの支配されていたため多くの国がスペイン語を使える。ではブラジルでは何語が公用語として使われているか,ポルトガル語,P102,2021/07/16
南アメリカ大陸西部には高さ6000メートル級の何山脈が広がっているか,アンデス山脈,P102,2021/07/16
南アメリカ中央部では世界一長い何川が流れているか,アマゾン川,P102,2021/07/16
アマゾン川流域は何が通っているか,赤道,P102,2021/07/16
アマゾン川流域には何が広がっているか,熱帯雨林,P102,2021/07/16
ブラジル高原一帯は雨季と乾季が別れる何気候となっているか,サバナ気候,P102,2021/07/16
ブラジルは16世紀に何領となったか,ポルトガル,P102,2021/07/16
ブラジルの首都はどこか,ブラジリア,P102,2021/07/16
ブラジルで作られるサトウキビとコーヒー豆の生産量の割合は世界何位か,1位,P103,2021/07/16
ブラジルで近年は何の需要が高まっているか,バイオエタノール,P103,2021/07/16
ブラジルは日本へ何を多く輸出しているか,鉄鉱石,P103,2021/07/16
ブラジルは工業化が進んだため何の一つとして数えられているか,BRICS,P103,2021/07/16
ペルーでは何遺跡や何があり世界文化遺産に登録されているか,マチュピチュ遺跡、ナスカの地上絵,P105,2021/07/16
チリは何の生産量が世界一位か,銅,P105,2021/07/16
ベネズエラは原油がたくさん取れるため何の一つとして数えられているか,OPEC,P105,2021/07/16
ボリビアの首都はどこか,ラパス,P106,2021/07/17
アルゼンチンの首都はどこか,ブエノスアイレス,P106,2021/07/17
ブエノスアイレスを中心に何と呼ばれる草原が広がっているか,パンパ,P106,2021/07/17
アルゼンチンでは19世紀に何が発明されて生肉が運べるようになったか,冷凍船,P106,2021/07/17
アルゼンチンの国土面積は世界第何位か,8位,P106,2021/07/17
アルゼンチンの住民の９割は何人か,白人,P106,2021/07/17
オセアニア州は何と何と何の地域に分けられるか,ミクロネシア・メラネシア・ポリネシア,P107,2021/07/17
オセアニアはイギリス人の誰の調査・探検によって知られるようになったか,クック,P107,2021/07/17
オセアニアには先住民の何が暮らしていたか,アボリジニ,P107,2021/07/17
ニュージーランドには先住民の何が暮らしていたか,マオリ,P107,2021/07/17
オセアニア州に属する国々の中で太平洋上にある国は何島や何がある島が多いか,火山島・サンゴ礁,P107,2021/07/17
オセアニア州の北東部には世界最大のサンゴ礁の何があるか,グレートバリアーフ,P108,2021/07/17
オーストラリアはかつて何主義を唱えたか,白豪主義,P108,2021/07/17
オーストラリアでは白豪主義を廃止した後に何主義政策を打ち出したか,多文化主義政策,P108,2021/07/18
オーストラリアでは先住民の何との共生も進めているか,アボリジニ,P108,2021/07/18
オーストラリアでは何井戸の水を利用した羊の放牧が盛んか,掘り抜き井戸,P109,2021/07/18
オーストラリアの羊毛の生産量は世界何位か,世界2位,P109,2021/07/18
オーストラリアの羊毛の輸出量は世界何位か,世界一位,P109,2021/07/18
オーストラリアの南東部は湿潤気候のため何農が盛んか,酪農,P109,2021/07/18
鉱産物を坑道を掘らずに直接地表から削り取る方法を何と呼ぶか,露天掘り,P109,2021/07/18
オーストラリアの提唱で結成されたのは何か,APEC,P109,2021/07/18
オーストラリアでは日本から何を輸入することが多くなってきているか,自動車,P109,2021/07/18
ニュージーランドでは何の飼育が盛んか,羊,P110,2021/07/18
太平洋の国々はココヤシやバナナ・サトウキビを育てるなに農業が盛んか,プランテーション農業,P110,2021/07/18
予備調査のための参考資料は図書館や何を利用して集めるか,インターネット,P116,2021/07/18
野外観察ではまず調査する道順を書き込んだ何を作成するか,ルートマップ,P116,2021/07/18
土地の起伏・形状などを等高線などで示し土地利用や施設の記号を用いて様々な情報を記入した地図のことをなんと呼ぶか,地形図,P117,2021/07/18
5万分の1や2万5000分の1などの地形図が国土交通省の何から発行されているか,国土地理院,P117,2021/07/18
地図は広い場所を縮めて表されている。その縮めた割合のことを何と呼ぶか,縮尺,P117,2021/07/18
海面からの長さが等しい地点を結んだ線のことを何と呼ぶか,等高線,P117,2021/07/18
川が山地から平地に流れ出たところに砂や小石が堆積してできた土地のことを何と呼ぶか,扇状地,P120,2021/07/18
川が運んできた土砂が河口に堆積してできた地形のことをなんと呼ぶか,三角州,P120,2021/07/19
火山や地震などの活動の影響で地面の隆起や沈降などの大地の動きが盛んな地域のことをなんと呼ぶか,造山帯,P121,2021/07/19
中世代から現代まで造山活動を続けている比較的新しい山地帯をなんとよぶか,新期造山帯,P122,2021/07/19
アンデス山脈・ロッキー山脈・日本列島・ニュージーランドなど太平洋を取り囲むように連なっている帯のことを何と呼ぶか,環太平洋造山帯,P122,2021/07/19
アルプス山脈・パミール山脈・ヒマラヤ山脈などを含む造山帯のことを何と呼ぶか,アルプス・ヒマラヤ造山帯,P123,2021/07/19
大陸や大きな島の周囲に広がる深さ200メートルぐらいの傾斜が緩やかな海底をなんとよぶか,大陸棚,P124,2021/07/19
最も深い海溝は深さ何メートルあるか,10920m,P124,2021/07/19
飛驒山脈・木曽山脈・赤石山脈のことをまとめて何と呼ぶか,日本アルプス,P125,2021/07/19
カルデラとは何か説明しなさい,火山の噴火でできた凹地のこと,P125,2021/07/19
日本には世界最大級のカルデラを持つ何山があるか,阿蘇山,P125,2021/07/19
何海は浅くて緩やかに傾斜した大陸棚が広がっているか。,東シナ海,P126,2021/07/19
黒潮と親潮がぶつかる点のことを何と呼ぶか,潮目,P126,2021/07/19
潮目には何が豊富か,プランクトン,P126,2021/07/19
6〜7月にかけて太平洋上の暖かい空気とオホーツク海上の冷たい空気との間に何ができ降水量が多くなるか,梅雨前線,P127,2021/07/19
梅雨前線ができる季節のことを何と呼ぶか,梅雨,P127,2021/07/19
フィリピン当方で発生した熱帯低気圧が暴風雨を伴って北上する現象のことを何と呼ぶか,台風,P127,2021/07/20
太平洋側の夏の季節は何の季節風の影響で高温で雨が多いか　,南島の季節風,P127,2021/07/20
太平洋側の冬の季節は何の季節風の影響で雨や雪が少なく乾燥した晴れの日が多いか,北西の季節風,P127,2021/07/20
夏に南東の季節風何中央の山地を超えてくる際に高温の乾燥した風となって吹き降ろすなに現象が起こるか,フェーン現象,P127,2021/07/20
日本は南北に何キロメートル広がっているか,3000キロメートル,P127,2021/07/20
瀬戸内地方では降水量が少ないため何が起こりやすいか,干害,P127,2021/07/20
やませとは何か,夏に東北地方の太平洋側に吹く冷たく湿った北東の風のこと,P128,2021/07/20
やませの影響で気温が上がらず何になることがあるか,冷害,P129,2021/07/20
関東地方では何によって地表の建物が巻き上げられる被害が発生しているか,竜巻,P129,2021/07/20
都市部の気温が郊外よりも高くなる現象のことを何と呼ぶか,ヒートアイランド現象,P130,2021/07/20
地中から地下水が吹き出す現象のことを何と呼ぶか,液状化現象,P130,2021/07/20
ライフラインは何のことか,水道・電気・ガス,P130,2021/07/20
急速な人口増加のことを何と呼ぶか,人口爆発,P130,2021/07/20
国や地域の人口を性別年齢別に表したグラフのことを何と呼ぶか,人口ピラミッド,P132,2021/07/20
出生率・死亡率が共に高い形のピラミッドなんと呼ぶか,富士山型,P132,2021/07/20
出生率・死亡率が共に低い形をなんとよぶか,つりがね型,P132,2021/07/20
日本では少子化と高齢化が世界に例を見ないスピードで進行し何となっているか,少子高齢化社会,P132,2021/07/21
東京・京阪神・名古屋の三つの都市には日本全人口のおよそ半数が生活している。この３つの都市のことを何と呼ぶか,三大都市圏,P133,2021/07/21
人口が過度に集中することを何と呼ぶか,過密,P133,2021/07/21
過密都市では交通渋滞、大気汚染などの何問題が発生しているか,都市問題,P133,2021/07/21
都市部の人口が減少することを何現象と呼ぶか,ドーナツ化現象,P133,2021/07/21
河川や海に面した地域のことを何と呼ぶか,ウォーターフロント,P133,2021/07/21
人口の流出によりその地域で生活することが困難になる状況のことを何と呼ぶか,過疎,P134,2021/07/21
過疎地域の中で65歳以上の人口が過半数を占める集落のことを何と呼ぶか,限界集落,P134,2021/07/21
原油は何湾岸やメキシコ湾岸、カスピ海湾岸、カスピ海周辺でたくさん取れるか,ペルシア湾岸,P135,2021/07/21
待機中の温室効果ガスによる世界全体の平均気温が上がることをなんとよぶか,地球温暖化,P135,2021/07/21
太陽光、風力、水力、地熱、バイオマスなどの一度使っても短時間で再生できるエネルギーのことを何と呼ぶか,再生可能エネルギー,P136,2021/07/21
2013年には何から天然ガスを作り出すことに成功したか,メタンハイドレード,P136,2021/07/21
日本では山が多く水資源が豊富なため1950年代まで何発電に頼っていたか,水力発電,P137,2021/07/21
1950年代より後からは電気需要が増えてきたため何発電やなに発電が急増したか,火力発電、電力発電,P137,2021/07/21
自然に働きかけて生産活動を行う農業、林業、漁業のことを何と呼ぶか,第一次産業,P138,2021/07/21
世界三代穀物は何と何と何か,米、小麦、とうもろこし,P138,2021/07/21
工業を中心とした産業のことを何と呼ぶか,第二次産業,P138,2021/07/21
製品の流通や産業、サービス業などのことを何と呼ぶか,第三次産業,P138,2021/07/22
政府が生産者からできるだけ高い価格で買い取り消費者に安い価格で売ることを何と呼ぶか,食糧生産制度,P139,2021/07/22
同じ畑で年に一度だけしか収穫しない稲作のことを何と呼ぶか,単作,P139,2021/07/22
同じ耕地で年に米を二回作ることを何と呼ぶか,二期作,P139,2021/07/22
同じ耕地で米の裏作に麦などを栽培することを何と呼ぶか,二毛作,P139,2021/07/22
台風の通り道にあたる地域などで他の地域よりも早くに出荷する米のことを何と呼ぶか,早上米,P139,2021/07/22
他の地域の米と差別化を図るために作られた米のことをなんと呼ぶか,銘柄米(ブランド米),P139,2021/07/22
稲作を制限することをなんと呼ぶか,休耕,P140,2021/07/22
米をつk流畑で他のものを作らせることを何と呼ぶか,転作,P140,2021/07/22
政府は転作を行い米の何を実施してきたか,生産調整(減反政策),P140,2021/07/22
大消費地の近くで都市向けの野菜を生産することを何と呼ぶか,近郊農業,P140,2021/07/22
ビニールハウスを利用して行う農業のことを何農業と呼ぶか,施設園芸農業,P140,2021/07/22
トラックやフェリーで生産物を輸送する農業のことを何と呼ぶか,輸送園芸農業,P140,2021/07/22
高原では夏でも涼しいという気候を利用して何を生産しているか,高原野菜,P140,2021/07/22
高原野菜を作っている地域では冬野菜の収穫を遅らせ他の地域よりも遅い夏に出荷している。このことを何と呼ぶか,抑制栽培,P140,2021/07/22
青森県や長野県は涼しい気候である。ではこのような特徴を生かして何が作られることが多いか,りんご,P141,2021/07/23
和歌山県・静岡県・愛媛県・熊本県などは暖かい気候である。ではこのような特徴を生かして何がよく栽培されているか,みかん,P141,2021/07/23
甲府盆地では何が多く作られているか,ブドウ、もも,P141,2021/07/23
山形盆地では‘何が多く作られているか,さくらんぼ、西洋なし、ブドウ,P141,2021/07/23
福島盆地では何が多く作られているか,もも、なし,P141,2021/07/23
暖かく日当たりの良い団地や山の斜面では何が多く作られているか,茶,P141,2021/07/23
北海道だけで栽培されている砂糖の原料となるものは何か,てんさい,P141,2021/07/23
熊本県で多く作られている畳表の原料となるものは何か,い草,P141,2021/07/23
渥美半島や沖縄県では施設を利用した何の栽培が盛んであるか,電照菊,P141,2021/07/23
根釧台地、関東地方、シラス台地では何産がさかんか,畜産,P141,2021/07/23
根釧台地は全国有数の何地帯であるか,酪農,P141,2021/07/23
日本は2018年にTPPと呼ばれる何に署名したか,環太平洋経済連携協定,P142,2021/07/23
日本に安い外国産の物資が出回るようになったら、日本の名には大きく低下していったか,食料自給率,P142,2021/07/23
地元で生産した食糧を地元で消費することをなんとよぶか,地産地消,P142,2021/07/23
食品の生産・加工・流通などをさかのぼって氏らべることができるシステムのことを何と呼ぶか,トレーサビリティ,P142,2021/07/23
日本の国土の何分の何は森林で覆われているか,約３分の2,P143,2021/07/23
森林の約60%は何となっているか,人工林,P143,2021/07/23
四国の近くにある暖流のことを何と呼ぶか,黒潮(日本海流),P144,2021/07/25
北海道の西側にある寒流のことを何と呼ぶか,リマン海流,P144,2021/07/25
九州の西側にある暖流のことを何と呼ぶか,対馬海流,P144,2021/07/25
北海道の東側にある寒流のことを何と呼ぶか,親潮(千島海流),P144,2021/07/25
三陸沖には暖流の黒潮と寒流の親潮がぶつかる何があるか,潮目,P144,2021/07/25
東シナ海には何が広がるか,大陸棚,P144,2021/07/25
三陸沖にある潮目と東シナ海にある大陸棚は共に何が豊富か,プランクトン,P144,2021/07/25
かつては北太平洋やオホーツク海で行われる何漁が盛んだったか,北洋漁業,P144,2021/07/25
漁獲量が多い漁港には何が挙げられるか。5つ答えなさい,銚子港、焼津港、釧路港、八戸港、境港,P144,2021/07/25
海岸から5キロぐらいの沿岸で日帰りでサバやアジなどを取ることを何漁業と呼ぶか,沿岸漁業,P144,2021/07/25
海岸から30〜50キロぐらいのところで数日間にわたり主にいわしやサンマなどをとることを何と呼ぶか,沖合漁業,P144,2021/07/25
大型船で船団を組み遠洋で数ヶ月にわたってマグロ、カツオなどをとることを何と呼ぶか,遠洋漁業,P144,2021/07/25
沿岸漁業ではプランクトンが以上発生し酸素不足で貝や魚が死んでしまう何が問題となることがあるか,赤潮,P144,2021/07/25
海や湖などで人工的に魚介類を育てる漁業のことを何と呼ぶか,養殖業,P145,2021/07/25
卵を人工的に孵化させて稚魚になるまで育ててそのあと海や川に放流して自然の中で成長した魚を取る漁業のことを何と呼ぶか,栽培漁業,P145,2021/07/25
関東地方から九州地方北部にかけて何と呼ばれる帯状の工業地帯が生成されたk,太平洋ベルト,P146,2021/07/25
各地で交通網が整備されて空港や高速道路の近くに何が開発され内陸型の新しい工業地帯も形成されるようになったk,工業団地,P146,2021/07/25
日本は地下資源に乏しいため輸入原料を製品に加工してできた製品を輸出する何が中心であったか,加工貿易,P146,2021/07/26
国内の工場のうち99%以上は従業者が300人未満の何工場であったか,中小工場,P146,2021/07/26
金属工業は鉄を生産するなに工業が盛んか,鉄鋼業,P147,2021/07/26
機械工業は何が中心か,自動車工業,P147,2021/07/26
現在生産されている自動車の何％が何や電気自動車か,ハイブリット車,P147,2021/07/26
石油化学工業のためにタンカーが接岸する太平洋側の海岸沿いに何が建てられたか,石油化学コンビナート,P147,2021/07/26
京浜工業地帯には首都の東京があるため多くの情報が集まることから何業が盛んか,印刷業,P147,2021/07/26
中京工業地帯には愛知県何しを中心に何工業が盛んか,自動車,P147,2021/07/26
中京工業地帯では瀬戸市を中心に何も発達しているか,窯業,P147,2021/07/26
阪神工業地帯には何工場が多いか,中小工場,P147,2021/07/26
北九州工業地帯には戦前から北九州市の何所を中心に鉄鋼業や石炭工業が盛んか,八幡製鉄所,P148,2021/07/26
その土地の原材料を使い長年受け継がれてきた技術をもとに製品を作る何も各地で見られるか,伝統産業,P149,2021/07/26
生産拠点を国内から海外へ移転させ何を始める工場が増えたか,現地生産,P149,2021/07/26
高度経済成長期に入った1950年台以降は何で働く人が増え続けているか,第三次産業,P150,2021/07/26
商業には消費者に商品を売る何と生産者から仕入れた商品を小売業者に売る何があるか,小売業、卸売業,P150,2021/07/26
かつて日本の商業は小売店が立ち並ぶ商店街を中心に行われていた。しかし、様々な社会の変化によって百貨店や大規模なスーパーマーケット数多くの店舗で２４時間営業を行う何などが誕生したか,コンビニエンスストア,P150,2021/07/26
近年何と呼ばれる情報技術(IT)、情報通信技術(ICT)の発達により情報コンテンツ産業などの情報サービス業が重要な産業となっているか,IT革命,P150,2021/07/26
高齢化の進行に伴い何や何も重要性を増してきているか,医療、福祉業,P150,2021/07/26
国際線の乗り換え拠点になる空港のことを何と呼ぶか,ハブ空港,P151,2021/07/26
日本の代表的な航空網として何空港が挙げられるか。4つ答えなさい,成田国際空港、東京国際空港、関西国際空港、中部国際空港,P151,2021/07/26
近年は何と呼ばれる格安航空会社の利用者も世界的に増えてきているか,LCC,P151,2021/07/26
貿易では機械類などの工業製品の輸送には主に何が使われているか,コンテナ船,P152,2021/07/26
原油の輸送には専用の何が使われているか,タンカー,P152,2021/07/26
デジタル方式の通信網には大量のデータを一度に高速で送ることができるシステムがある。このシステムのことをなんと呼ぶか,ブロードバンド通信,P153,2021/07/26
近年では何を用いたブロードバンド通信が増えてきているか,光ファイバー,P153,2021/07/27
インターネットなどを使った国際通信網は何や何などに支えられているか,通信衛星、海底ケーブル,P153,2021/07/27
情報通信技術使える国や人と使えない国や人との差のことを何と呼ぶか,デジタルデバイト,P153,2021/07/27
先進国と発展途上国間の貿易は何と呼ばれているか、2つ答えよ,垂直貿易、南北貿易,P154,2021/07/27
南北間の経済格差から生じる問題のことを何と呼ぶか,南北問題,P155,2021/07/27
特定の2国間または複数国間で貿易などの活発化を図るのが目的で作られた協定のことを何と呼ぶか,自由貿易協定,P155,2021/07/27
輸入額が1番多いの何空港か,成田空港,P156,2021/07/27
輸出額が1番多いのは何空港か,名古屋空港,P156,2021/07/27
名古屋港は何の輸出が1番多いか,自動車,P156,2021/07/27
千葉港は輸入品の71%以上が何であるか,石油・液化ガス,P156,2021/07/27
途中で船や鉄道に自動車を積み替えて運ぶことを何と呼ぶか,モーダルシフト,P157,2021/07/27
47ある都道府県は何個に分けることができるか,7個,P159,2021/07/27
7地方には何があるか。全て答えなさい,北海道地方、東北地方、関東地方、中部地方、近畿地方、中国・四国地方、九州地方,P159,2021/07/27
日本は何を境に東日本と西日本に分けられるか,フォッサマグナ,P160,2021/07/27
愛知県では東部を何と呼ぶか,三河地方,P160,2021/07/27
愛知県では西部を何と呼ぶか,尾張地方,P160,2021/07/27
愛知県では北部を何と呼ぶか,飛騨地方,P160,2021/07/27
愛知県では南部を何と呼ぶか,美濃地方,P160,2021/07/27
交流電流の流れる向きが1秒間に変わる回数のことを何と呼ぶか,周波数,P160,2021/07/27
北九州の有明海沿岸には主に筑後川によって造られた三角州が発達した何が広がっているか,筑後平野,P166,2021/07/27
九州西北部の半東部や東部の豊後水道沿岸は海岸線の出入りが複雑な何となっているか,リアス海岸,P166,2021/07/27
中・南九州の高く険しい九州山地の北側に世界最大級のカルデラを持つ何があるか,阿蘇山,P167,2021/07/27
九州の南側には霧島山や御岳などの火山と火山灰に覆われた何が広がっているか,シラス台地,P167,2021/07/27
九州地方は近海を流れる暖流の黒潮と何海流の影響を受けるため温暖であるか,対馬海流,P167,2021/07/27
温泉地帯では温泉水や地熱を利用した何が盛んであるか,地熱発電,P168,2021/07/27
筑紫平野には何と呼ばれる水路が広がっているか,クリーク,P168,2021/07/27
九州の米所はどこか,筑紫平野,P168,2021/07/27
九州地方南部にある宮崎平野などでは冬でも温暖な気候を利用しピーマンやきゅうりなどの野菜の出荷を早める何栽培などが盛んか,促成栽培,P169,2021/07/27
有明海では何の養殖が盛んか,のり　,P169,2021/07/27
大村湾や対馬では何の養殖が盛んか,真珠,P169,2021/07/27
鹿児島県や宮崎県では何の生産が盛んか,うなぎ,P169,2021/07/27
九州地方はIC(集積回路)産業が発達しているのでアメリカ合衆国のシリコンバレーにならい何とも呼ばれたか,シリコンアイランド,P171,2021/07/27
1950〜1960年代に熊本県水俣市では化学工場がメチル水銀を廃液として水俣湾に排出したことが原因で何が発生したか,水俣病,P172,2021/07/27
沖縄はかつて何という独立国であったか,琉球王国,P173,2021/07/27
沖縄の産業では独特の料理・文化や何を生かした観光業、電照菊の栽培、野菜づくりが盛んであるか,サンゴ礁,P173,2021/07/27
中国地方の鳥取平野の海岸部には日本最大級の何が広がっているか,鳥取砂丘,P174,2021/07/27
全体的に山がちな中国地方の中央に低くなだらかな何があるか,中国山地,P174,2021/07/27
瀬戸内海は土地が沈んでできた何であるか,多島海,P174,2021/07/27
全体的に山がちな四国地方は四国中央に高く険しい何が広がっているか,四国山地,P175,2021/07/27
四国には日本最後の清流として知られる何川があるか,四万十川,P175,2021/07/27
瀬戸内海の島々や日当たりが良い沿岸部の山の斜面には何畑がありみかんの栽培が盛んか,段々畑,P176,2021/07/27
広島県では何の養殖が盛んか,牡蠣,P176,2021/07/27
瀬戸内工業地帯には製鉄所や何が集中しているか,石油化学コンビナート,P177,2021/07/27
広島市は行政などにおいて地方の中心となる何と呼ばれる都市となっているか,地方中枢地区,P178,2021/07/27
中国地方には倉敷市児童と坂出市を結ぶ何が開通したか,瀬戸大橋,P178,2021/07/27
児童・坂出ルート、神戸・鳴門ルート、尾道・今治ルートの三本の橋のことを何と呼ぶか　,本州四国連絡橋,P180,2021/07/27
大都市などへの移動時間が短くなったため人が吸い寄せられた。このような現象のことを何と呼ぶか,ストロー現象,P180,2021/07/27
尾道・今治ルートは何とも呼ばれるか,瀬戸内しまなみ海道,P181,2021/07/27
近畿地方にある兵庫県明石市には日本の標準時子午線である経度何度の線が通っているか,135度,P182,2021/07/27
日本最大の湖は何と呼ばれているか,琵琶湖,P183,2021/07/27
京都・大阪・神戸などの大消費地の周辺では何が行われているか,近郊農業,P184,2021/07/29
紀伊山地は温暖多湿で森林がよく育つため奈良県の何や三重県の尾鷲ひのきと行った美林が多いか,吉野杉,P185,2021/07/29
阪神工業地帯は何や何の割合が比較的高いか,金属、化学工業,P185,2021/07/29
日用雑貨・金属部品・機械部品・毛布・タオルなどを作っているのは何工場と呼ばれているか,中小工場,P185,2021/07/29
京都の伝統的工芸品には何織があるか,西陣織,P185,2021/07/29
京都市・大阪市・神戸市を中心とする何では人口の増加に伴い過密となったか,京阪神大都市圏,P186,2021/07/29
京阪神大都市圏では過密となり都心部の宅地が不足したため私鉄の沿線に何や泉北などの何が開発されていったか,千里・ニュータウン,P188,2021/07/29
地方自治法による命令によって指定された50万人以上の人口を持つ都市のことを何と呼ぶか,政令指定都市,P188,2021/07/29
江戸時代、大阪は物流の拠点となったため何と呼ばれるようになったか,天下の台所,P188,2021/07/29
大阪では高層マンションの建設が進んだため人口が回復する何が起こっているか,都心回帰現象,P188,2021/07/29
1995年に起こった淡路島北部を震源とする地震のことを何と呼ぶか,阪神淡路大震災,P188,2021/07/29
中部地方にある飛騨山脈・木曽山脈・赤石山脈を合わせてなんとよぶか,日本アルプス,P189,2021/07/29
日本アルプスの東には何が本州を横断するように伸びているか,フォッサマグナ,P189,2021/07/29
日本一長い川は何か,信濃川,P190,2021/07/29
信濃川の下流には何平野が広がっているか,越後平野,P190,2021/07/29
木曽川・長良川・揖斐川の下流には何平野があるか,濃尾平野,P190,2021/07/29
木曽川・長良川・揖斐川が合流する河口付近の三角州には周りの川より土地が低い何が見られるか,輪中,P190,2021/07/29
若狭湾は何が発達しているか,リアス海岸,P190,2021/07/29
東海地方は何島の季節風の影響でいつに雨が多い太平洋側の気候となっているか,夏,P190,2021/07/29
中央気候の地域は降水量が一年中少ない何生の気候となっているか,内陸性,P190,2021/07/29
北陸地方は冬に北西の季節風の影響を受けるため大量の雪が降る。そのため冬の降水量が多い。このような気候のことを何と呼ぶか,日本海側の気候,P190,2021/07/29
静岡県には何港と呼ばれる日本有数の水揚げ量を誇る港があるか,焼津港,P191,2021/07/29
夏でも涼しいという気候を生かした農業のことを何と呼ぶか,高冷地農業,P193,2021/07/29
貴重な自然環境を留めている土地や文化財を地域の住民らが募金を集めて買い取ったり寄贈を受けたりして保護、保管を受けたりする運動のことをなんとよぶか,ナショナルトラスト,P194,2021/07/29
北陸地方は冬の積雪量が非常に多く裏作ができないため稲作だけを行う何が農業の中心となっているか,水田単作,P195,2021/07/29
コシヒカリは何米として全国的に高い評価を受けているか,銘柄米(ブランド米),P195,2021/07/29
高崎〜長野間を走る新幹線を何と呼ぶか,北陸新幹線,P196,2021/07/29
日本で最も大きな平野は何平野か,関東平野,P198,2021/07/30
関東平野の表面は何と呼ばれる火山灰が積もってできた赤土に覆われているか,関東ローム,P198,2021/07/30
日本で2番目の長さの川は何と呼ばれているか,利根川,P198,2021/07/30
利根川流域には何と呼ばれる琵琶湖に次いで大きな湖があるか,霞ヶ浦,P198,2021/07/30
北陸地方南部には何半島があるか,房総半島,P198,2021/07/30
房総半島の東部には砂浜海岸の何が続いているか,九十九里浜,P198,2021/07/30
沖ノ鳥島や南鳥島はどこに属しているか,東京都,P198,2021/07/30
越後山脈をこえた乾燥した風のことを何と呼ぶか,からっ風,P198,2021/07/30
都市向けの新鮮な野菜や果物を栽培することを何と呼ぶか,近郊農業,P199,2021/07/30
千葉県の利根川河口に属する日本を代表する港は何か,銚子港,P200,2021/07/30
京浜工業地帯は何都道府県ににまたがっているか。3つ答えなさい,東京都・神奈川県・埼玉県,P200,2021/07/30
京浜工業地帯は何工業が盛んか,機械工業,P200,2021/07/30
東京には国内外から様々な情報が集まる。そのため東京二十四区は何業が集中しているか,印刷業,P201,2021/07/30
千葉県には1960年代から東京湾岸の埋立地に石油化学コンビナートや大規模な製鉄所が建設された。そのため何が形成されたか,京葉工業地域,P201,2021/07/30
都市の中で政治・経済の重要な期間が集まる地区を何と呼ぶか,都心,P203,2021/07/30
都心に次いで中心となる地区を何と呼ぶか,副都心,P203,2021/07/30
東京の代表的な空港には何があるか,羽田空港,P203,2021/07/30
東京には1970年代に多摩などの近郊の台地・丘陵に何が建設されたか,ニュータウン,P204,2021/07/30
ニュータウンを建設したため東京への勤務圏は都心から50キロ以上の範囲まで広がった。この範囲のことを何と呼ぶか,東京大都市圏,P204,2021/07/30
東京の都心や臨海部では何が進んでいるか,再開発,P205,2021/07/30
東京では再開発が進み高層マンションなどの建設が進んだため人々が都心に戻ってくる何が起こっているか,都心回帰現象,P205,2021/07/30
東京港や横浜港の近くには日本最大の貿易港である何港があるか,成田空港,P205,2021/07/30
東北地方中央には険しい何山脈があるか,奥羽山脈,P206,2021/07/30
東北地方の日本海側には何山脈が南北に走っているか,出羽山脈,P206,2021/07/30
最上川河口には何平野が広がっているか,庄内平野,P206,2021/07/30
青森県の何平野では冷涼な気候に適したリンゴ作りが盛んか,津軽平野,P208,2021/07/30
東北地方の何盆地ではさくらんぼやなしの栽培が盛んか,山形盆地,P208,2021/07/30
三陸海岸の沖合は何が発達しているか,リアス海岸,P208,2021/07/31
リアス海岸は湾が多く海が穏やかで波が少ないため何業が盛んか,養殖業,P209,2021/07/31
東北地方の太平洋側には何の集中地域か,原子力発電所,P210,2021/07/31
東北地方では2011年に起きた東日本大震災で何発電所が大きな被害を受けたか,福島第一原子力発電所,P210,2021/07/31
青森県では何祭りが有名か,青森ねぶた祭,P211,2021/07/31
秋田では何祭りが有名か,秋田竿燈まつり,P211,2021/07/31
仙台では何祭りが有名か,仙台七夕まつり,P211,2021/07/31
秋田県では男鹿半島に伝わる伝統行事の何も有名か,ナマハゲ,P211,2021/07/31
青森県と秋田県の県境に位置しブナの原生林が生茂る何は1993年に世界自然遺産に登録されたか,白神山地,P211,2021/07/31
東北地方の地方中枢都市は何市か,仙台市,P212,2021/07/31
津軽半島と北海道の松前半島をつなぐトンネルのことを何と呼ぶか,青函トンネル,P212,2021/07/31
昔北海道は何と呼ばれていたか,蝦夷地,P213,2021/07/31
蝦夷地には独自の文化をもつ先住民族の何が住んでいたか,アイヌ民族,P213,2021/07/31
明治時代になると政府は札幌に何という役所を置いたか,開拓使,P213,2021/07/31
国後島・択捉島・歯舞群島・色丹島を含む4島をまとめてなんと呼ぶか,北方領土,P213,2021/07/31
日本第2位の流域範囲の広い川を何と呼ぶか,石狩川,P213,2021/07/31
オホーツク海沿岸には冬に何が押し寄せてくるか,流氷,P214,2021/07/31
北海道東部には何台地が広がるか,根釧台地,P216,2021/07/31
北海道では乳牛を飼育する何業が盛んか,酪農,P216,2021/07/31
北洋漁業は釧路港・根室港・函館港などを基地とする何の中心であったか,遠洋漁業,P216,2021/07/31
北海道にあるタンチョウの生息地として貴重な何は1980年に国内初のラムサール条約登録地になったか,釧路湿原,P217,2021/07/31
北海道の島の中でオホーツク海に突き出た何は2005年に世界自然遺産に登録されたか,知床,P218,2021/07/31
専門のガイドの案内・説明を受け、実際に自然に触れることを通して自然環境の価値や人間の関わり方などを楽しみながら身につけながらできる観光のことを何と呼ぶか,エコツーリズム,P218,2021/07/31
農山漁村に滞在して農林漁業体験やその地域の自然、人々との交流を楽しむ余暇活動のことをなんとよぶか,グリーンツーリズム,P218,2021/07/31
札幌市の近郊には何空港があるか,新千歳空港,P219,2021/07/31
日本の元号を全て順番に答えなさい,旧石器時代・縄文時代・弥生時代・古墳時代・奈良時代・平安時代・鎌倉時代・室町時代・安土桃山時代・江戸時代・明治時代・大正時代・昭和時代・平成時代・令和時代,P234,2021/07/31
最初に出現した人類のことを何と呼ぶか,猿人,P242,2021/07/31
200万年前猿人に比べ脳の大きさが2倍の人類のことを何と呼ぶか,原人,P242,2021/07/31
現在の人類の直接の祖先と呼ばれているのは何人か,新人,P242,2021/07/31
旧石器時代には何を使い動物を狩っていたか,打製石器,P243,2021/07/31
新石器時代には石を磨いて作られた何が使われるようになったか,磨製石器,P244,2021/07/31
青銅器時代には何が使われるようになったか,青銅器,P244,2021/08/02
青銅器時代には何が発明されたか,文字,P244,2021/08/02
鉄器時代には金属器として何が使用されるようになったか,鉄器,P244,2021/08/02
ティグリス川とユーフラテス川の間にあるメソポタミアでは何文明が栄えたか,メソポタミア文明,P244,2021/08/02
メソポタミア文明の人々は支配や交易のために何を使用したか,くさび形文字,P245,2021/08/02
ナイル川流域では何文明が生まれたか,エジプト文明,P246,2021/08/02
エジプトでは何文字やパピルスが発明されたか,象形文字,P246,2021/08/02
エジプト文明では1年を365日とし、12ケ月に分ける何が作られたか,太陽暦,P246,2021/08/02
インダス川流域では何文明が生まれたか,インダス文明,P247,2021/08/02
黄河と長江流域では何文明が生まれたか,中国文明,P247,2021/08/02
中国文明では何文字が使われていたか,甲骨文字,P247,2021/08/02
中国文明では王が優れた人材を集めたため何などの思想家が現れたか,孔子,P247,2021/08/02
紀元前221年に中国を統一したのは秦の誰か,始皇帝,P247,2021/08/02
始皇帝は北方の遊牧民の侵入を防ぐため何を築いたか,万里の長城,P247,2021/08/02
秦が滅びた後中国はなんと呼ばれるようになったか,漢,P247,2021/08/03
漢の時代には国の支配のために孔子の教えである何を取り入れたか,儒教,P247,2021/08/03
漢の時代には何を通って人やものの行き来が盛んになっていたか,シルクロード(絹の道),P247,2021/08/03
ギリシャ人独特の文明のことを何と呼ぶか,ギリシャ文明,P248,2021/08/03
ギリシャ文明では市民全員が参加する民会を中心に何が行われたか,民主聖,P248,2021/08/03
ローマ帝国では貴族を中心とする何による政治が行われたか,共和政,P248,2021/08/03
インドでは紀元前6世紀ごろに誰が身分制度を批判したか,釈迦,P249,2021/08/03
釈迦は紀元前6世紀ごろに人は皆平等であるという教えの何を開いたか,仏教,P249,2021/08/03
紀元前ごろパレスチナに生まれた何はキリスト教を開いたか,イエス,P249,2021/08/03
6世紀アラビア半島に生まれた何はアラーを唯一の神とするイスラム教を開いたか,ムハンマド,P249,2021/08/03
1万2000年ほど前には縄で作られたような土器が使われていたこの時代を何時代と呼ぶか,縄文時代,P251,2021/08/03
縄文時代の人々の暮らしは何を調べると推測できるか,貝塚,P251,2021/08/03
縄文時代の人々は食料が得やすいところに何住居をつくったか,たて穴住居,P251,2021/08/03
縄文時代の遺跡として代表的なものを一つあげよ,三内丸山遺跡,P251,2021/08/03
縄文時代に作られた女性の形をかたどったものが多い土器ことを何と呼ぶか,土偶,P251,2021/08/05
紀元前4年ごろ中国や朝鮮半島から日本に移り住んだ人々は九州北部に何を伝えたか,稲作,P252,2021/08/05
紀元前4年ごろには収穫された米はどこに保管されていたか,高床倉庫,P252,2021/08/05
稲作が伝わり貧富の差が生まれた新しい時代のことを何と呼ぶか,弥生時代,P252,2021/08/05
縄文土器と比べ飾りが少なく薄手で硬く赤褐色をしていて東京都文京区弥生町で見つかった土器のことを何と呼ぶか,弥生土器,P252,2021/08/05
弥生時代には稲作とともに何が伝わったか,金属器,P252,2021/08/05
弥生時代には実用品として使われていることもあったがのちに祭りや儀式の道具として使われるようになった金属器がある。このような金属器のことをなんと呼ぶか,青銅器,P252,2021/08/05
縄文時代に農具や木製品を作るため工具・武器などとして使われていた金属器のことを何と呼ぶか,鉄器,P252,2021/08/05
中国の漢の時代には日本は何と呼ばれていたか,倭,P254,2021/08/05
紀元57年に倭の奴国の王の使いが後漢の光武帝に貢物を持ってきたため光武帝は代わりに何を捧げたか,金印,P254,2021/08/05
3世紀ごろ倭では国同士の争いがなかなかおさまらなかったので諸国が共同して邪馬台国の誰を王と立てたか,卑弥呼,P255,2021/08/05
3世紀前半から6世紀末ごろまで続いた時代をなんとよぶか,古墳時代,P256,2021/08/05
3世紀の終わり頃から各地の王や豪族が自分の権力を示そうとして何を作り始めたか,古墳,P256,2021/08/05
古墳の上や周りには何と呼ばれる焼き物が並べられたか,埴輪,P256,2021/08/05
四角と丸が組み合わさったような鍵穴のような形の古墳を何と呼ぶか,前方後円墳,P256,2021/08/05
日本最大の古墳は大阪府の何古墳か,大仙古墳(仁徳陵古墳),P256,2021/08/05
四角い形の古墳を何と呼ぶか,方墳,P256,2021/08/05
丸い形の古墳を何と呼ぶか,円墳,P256,2021/08/05
3世紀後半から4世紀になると巨大な権力を持った豪族などが現れる。このような豪族が互いに連合し大和に作った政権を何と呼ぶか,大和政権,P257,2021/08/05
大和政権の政府を何と呼ぶか,大和朝廷,P257,2021/08/05
大和政権の支配者を何と呼ぶか,大王,P257,2021/08/05
大和政権は政治の仕組みを整えていった。そのとき豪族たちは血縁関係を元に構成された何を名乗ったか,氏,P258,2021/08/06
大和政権は氏ごとに職務を分担し何を与えたか,姓,P258,2021/08/06
豪族が氏を名乗り大和政権が氏ごとに姓を与えるというような仕組みを何と呼ぶか,氏姓制度,P258,2021/08/06
埼玉県の何古墳から出土した鉄剣と熊本県の何古墳から出土した鉄刀にはともに何の文字が刻まれていたか,稲荷山古墳、江田船山古墳、ワカタケル大王,P258,2021/08/06
ワカタケル大王は何天皇とされているか,雄略天皇,P258,2021/08/06
4〜6世紀ごろ大陸や朝鮮半島から日本に移り住んだ人たちを何と呼ぶか,渡来人,P260,2021/08/06
6世紀ごろには百済から渡来した人々によって儒教と何も伝えられたか,仏教,P260,2021/08/06
589年に南朝と北朝に分かれていた中国を統一したのは何か,隋,P261,2021/08/06
隋に代わって中国を統一したのは何か,唐,P261,2021/08/06
6世紀ごろになると豪族同士で争う者や大和政権に反抗するものが現れた。大伴氏が朝鮮との外交に失敗して衰えた後、何氏と何氏は仏教を取り入れるかどうかをめぐって対立したか,蘇我氏・物部氏,P262,2021/08/06
10人もの人の請願を同時に正確に聞き取ったと言われている人は誰か,聖徳太子,P262,2021/08/06
6世紀末になると誰は自分の姪を推古天皇として即位させたか,蘇我馬子,P262,2021/08/06
聖徳太子が摂政になってから奈良に都が移されるまでの期間を何時代と呼ぶか,飛鳥時代,P262,2021/08/09
聖徳太子は603年に何を制定したか,冠位十二階,P262,2021/08/09
聖徳太子は604年に仏教や儒教の教えを取り入れた何を制定したか,十七条の憲法,P263,2021/08/09
聖徳太子は607年に誰を遣隋使として派遣したか,小野妹子,P263,2021/08/09
聖徳太子は607年に小野妹子を何として派遣したか,遣隋使,P263,2021/08/09
6世紀中頃に伝わった仏教は聖徳太子が何寺や四天王寺を建てたため広く信仰されるようになったか,法隆寺,P263,2021/08/09
法隆寺には鞍作鳥が作ったとされる何などの仏像のほか玉虫厨子など多くの作品が残っているか,釈迦三尊像,P263,2021/08/09
645年に中大兄皇子は誰とともに蘇我氏を滅ぼしたか,中臣鎌足,P264,2021/08/09
645年に誰は中臣鎌足とともに蘇我氏を滅ぼしたか,中大兄皇子,P264,2021/08/09
中臣鎌足と中大兄皇子が中心に行った一連の政治改革を何と呼ぶか,大化の改新,P264,2021/08/09
それまで皇族や豪族がそれぞれ支配していた土地と人民を全て国のものとする政策を何と呼ぶか,公地公民,P264,2021/08/09
中大兄皇子は唐と新羅の侵攻に備えて北九州に何という外交や防備を担当する役所を置いたか,太宰府,P265,2021/08/09
668年に中大兄皇子は大津宮で何天皇として即位したか,天智天皇,P265,2021/08/09
天智天皇が亡くなると翌年に誰と誰との戦いが起こったか,大友皇子、大海人皇子,P265,2021/08/09
673年に天皇として即位したのはだれか。またその天皇は何天皇と呼ばれているか,大海人皇子、天武天皇,P265,2021/08/09
天武天皇の死後天皇として即位した持統天皇は日本で最初の本格的な都である何を造営したか,藤原京,P265,2021/08/09
701年に律と令に基づいて政治を行う何の仕組みを定めた何が唐の律令にならって作られたか,律令国家、大宝律令,P266,2021/08/09
701年には土地制度として唐の均田生にならい何が定められたか,班田収授法,P266,2021/08/10
701年には税制度として人々に何・何・何という税や雑徭、兵役などが課されたか,租・調・庸,P266,2021/08/10
710年、元明天皇の時に藤原京から奈良盆地北部のどこに都が移されたか,平城京,P267,2021/08/10
710年に都が移されてからこの都を中心に政治が行われた80年余りを何時代と呼ぶか,奈良時代,P267,2021/08/10
日本で初めて作られた貨幣のことを何と呼ぶか,富本銭,P267,2021/08/11
708年に発行された貨幣で開元通宝という唐の貨幣がモデルとされている貨幣のことをなんと呼ぶか,和同開陳,P267,2021/08/11
743年に朝廷は何法を出して新しく開墾した土地の永久私有を認めたか,墾田永年私財法,P269,2021/08/11
奈良時代には唐の進んだ政治制度や文化を取り入れるためにたびたび何が送られたか,遣唐使,P270,2021/08/11
奈良時代の頃に最も栄えた国際色豊かな文化を聖武天皇の頃の元号にちなんで何文化というか,天平文化,P270,2021/08/11
聖武天皇が使用したものは東大寺の何に保管されているか,正倉院,P270,2021/08/11
聖武天皇と光明皇后は仏の力で天災などで不安になった世を治めようとした。そのため都には総国分寺として何が建てられたか,東大寺,P271,2021/08/11
奈良時代に日本にやってき唐の高僧の誰は優れた僧を求める日本の要請に応じて来日したか,鑑真,P271,2021/08/11
8世紀に入り、国の仕組みが整い始めると神話や伝承、記録などをもとに何や何などの歴史書が作られたか,古事記、日本書紀,P271,2021/08/12
日本最古の歌集は何か,万葉集,P271,2021/08/12
万葉集は誰がまとめたとされるか,大伴家持,P271,2021/08/12
奈良時代の後半の何天皇は律令制の立て直しを図ったか,桓武天皇,P272,2021/08/12
桓武天皇は794年にどこに都を移したか,平城京,P272,2021/08/12
蝦夷平定のために誰を征夷大将軍に任命したか　,坂上田村麻呂　,P272,2021/08/12
蝦夷平定のために坂上田村麻呂を何としたか,征夷大将軍,P272,2021/08/12
唐で密教を学んだ空海はこうやざんに金剛峰寺を建てて何宗を広めたか,真言宗,P273,2021/08/12
空海は何山に金剛峰寺を建てたか,高野山,P273,2021/08/12
最澄は比叡山に延暦寺を建て何宗を広めたか,天台宗,P273,2021/08/12
最澄は何山に延暦寺を建てたか,比叡山,P273,2021/08/12
藤原氏は9世紀後半には何や何という天皇を補佐する職についたか,摂政、関白,P273,2021/08/12
天皇と外戚関係を持った藤原氏が摂政や関白となり天皇に代わって行なった政治を何政治というか,摂関政治,P273,2021/08/12
藤原氏は11世期前半の何父子の時代に全盛期を迎えたか,藤原道長、頼通,P274,2021/08/12
894年には菅原道真の提言により何の派遣を中止したか,遣唐使,P275,2021/08/12
遣唐使は誰の提言があったため停止したか,菅原道真,P275,2021/08/12
日本と大陸とのつながりがなくなった10世紀ごろは日本独自の文化が生成されていった。この日本独自の文化を何と呼ぶか,国風文化,P276,2021/08/12
8世紀の末ごろに漢字を変形させ日本語の発音を表せるように工夫した何が作られたか,カナ文字,P276,2021/08/12
日本で最古の仮名書きの物語とされるのは何か,竹取物語,P276,2021/08/12
紫式部はカナ文字で何物語を作ったか,源氏物語,P276,2021/08/12
清少納言は随筆、何を表したか,枕草子,P277,2021/08/12
10世紀半ばになると阿弥陀仏にすがることで極楽浄土に往生できるという何が起こったか,浄土信仰(浄土教),P277,2021/08/12
藤原頼通は極楽浄土をこの世に再現しようとし宇治(京都)に何を建てたか,平等院鳳凰堂,P278 ,2021/08/12
平安時代の貴族は何と呼ばれる邸宅に暮らすようになったか,寝殿造,P278 ,2021/08/12
10世紀以降地方に住み着いた皇族や貴族の子孫を頭(棟梁)に一族の子(家の子)や従者(郎等)などからなる何を結成していったか,武士団,P285,2021/08/13
武士団の中でも大きな勢力になったのは何氏と何氏か,源氏と平氏,P285,2021/08/13
10世紀中頃関東地方では誰が自らを新皇と称し新しい国造りをしようとしたか,平将門,P285,2021/08/13
10世紀中頃平将門は自らを何と称したか,新皇,P285,2021/08/13
10世紀中頃の伊予(愛知県)の国司であった誰は任期を終えても都に帰らず海賊の頭領になったか,藤原純友,P285,2021/08/13
後三年合戦の後平泉を拠点に何氏が栄えたか,奥州藤原氏,P285,2021/08/13
12世紀前半には平忠盛らが瀬戸内海の海賊を鎮め何氏が西日本で勢力を広げたか,平氏,P285,2021/08/13
1086年に白河天皇は退位して何という自由な立場で摂政・関白の力を抑えて院で政治を始めたか,上皇,P286,2021/08/13
1086年に何天皇は退位して上皇という自由な立場で摂政・関白の力を抑えて院で政治を始めたか,白河天皇,P286,2021/08/13
上皇という自由な立場で摂政・関白の力を抑えて院で政治を行うことを何と呼ぶか,院政,P286,2021/08/13
広大な荘園を持つ延暦寺や興福寺などの大寺院は荘園を守るために下級の僧侶を何として組織したか,僧兵,P286,2021/08/13
1156年鳥羽法皇が死去すると政治の実権をめぐって崇徳上皇と後白河天皇の対立が鮮明になった。そのため京都で何の乱が起こったか,保元の乱,P286,2021/08/13
1159年に院政を始めた後白河上皇の側近となった平清盛と源義朝の対立が激しくなった。そのため何の乱が起こったか,平治の乱,P286,2021/08/13
平清盛は1167年に武士として初めて何に命じられたか,太政大臣,P287,2021/08/13
誰は1167年に武士として初めて太政大臣に命じられたか,平清盛,P287,2021/08/13
源頼朝は兵士討伐のためにどこで兵をあげたか,伊豆(静岡県),P287,2021/08/13
1185年に何の戦いで兵士を滅ぼしたか,壇ノ浦の戦い,P287,2021/08/13
1185年源頼朝は国ごとに何、荘園・公領ごとに地頭を置くことを朝廷に認めさせたか,守護,P288,2021/08/13
1185年源頼朝は国ごとに守護、荘園・公領ごとに何を置くことを朝廷に認めさせたか,地頭,P288,2021/08/13
頼朝は源氏のゆかりの地であり地形的に要害の地であるどこに幕府を置いたか,鎌倉,P288,2021/08/13
将軍に従う武士を何と呼ぶか,御家人,P288,2021/08/13
将軍と将軍に従う武士は土地を仲立ちに何と何の関係で結ばれていたか,御恩と奉公,P288,2021/08/13
土地を仲立ちとして御恩と奉公で結ばれた仕組みを何と呼ぶか,封建制度,P288,2021/08/13
封建制度で支えられた社会を何と呼ぶか,封建社会,P288,2021/08/13
鎌倉幕府初代執権は誰か,北条時政,P289,2021/08/13
鎌倉幕府二代執権は誰か,北条義時,P289,2021/08/13
鎌倉幕府は承久の乱の後京都に何をおいたか,六波羅探題,P289,2021/08/13
鎌倉幕府3代執権はだれか,北条泰時,P289,2021/08/13
北条泰時は裁判を公平に行うための基準として51カ条からなる何を制定したか,御成敗式目,P289,2021/08/13
鎌倉時代に農業生産性が高まり、手工業が発達するようになってくると生産物を交易する場として寺社の境内や交通の要地に何市が立つようになってきたか,定期市,P291,2021/08/13
鎌倉時代になると商品や年貢米を輸送する業者として陸上は何や車借が使われるようになったか,馬借,P291,2021/08/13
鎌倉時代の水陸の交通要所には水上輸送と物資の保管を行う何が現れたか,問(問丸),P291,2021/08/13
鎌倉時代には後鳥羽上皇の命令で藤原定家らが編纂した何歌集や源実朝が書いた金槐和歌集などがあるか,新古今和歌集,P292,2021/08/14
鎌倉時代の武士の活躍を描いたものには何物語や保元物語、平治物語などがあるか,平家物語,P292,2021/08/14
鎌倉時代の随筆としては鴨長明の何記や兼好法師の何などがあるか,方丈記、徒然草,P292,2021/08/14
鎌倉時代に作られた中国から伝わった雄大な大仏様で作られた門のことを何と呼ぶか,東大寺南大門,P292,2021/08/14
運慶、快慶らは日本最大の何像を作り上げたか,金剛力士像,P292,2021/08/14
金剛力士像を作り上げたのは誰か,運慶、快慶,P292,2021/08/14
鎌倉時代に浄土宗を広めた代表的な僧の名前は何か,法然,P293,2021/08/14
法然の弟子であるだれは悪人正機説をといたか,親鸞,P293,2021/08/14
一向宗のことを何と呼ぶこともあるか,浄土真宗,P293,2021/08/14
鎌倉時代、念仏の教えを説いた代表的な人物はだれか,一遍,P293,2021/08/14
法華経だけが自分の真実の教えであるとし法華経を説いた代表的な人物はだれか,日蓮,P293,2021/08/14
禅宗は宋に渡って禅宗を学んで帰国した誰と誰によって伝えられたか,栄西と道元,P293,2021/08/14
栄西は禅宗を学んで日本に帰ってきて何宗を開いたか,臨済宗,P293,2021/08/14
道元は禅宗を学んで日本に帰ってきて何宗を開いたか,曹洞宗,P293,2021/08/14
チンギス＝ハンの孫はだれか,フビライ＝ハン,P294,2021/08/14
フビライ＝ハンは高麗を従えたのち日本も従えようと使者を何度も送ってきたが、鎌倉幕府8代執権の誰はこの要求を拒否したか,北条時宗,P294,2021/08/14
フビライ＝ハンに使えたイタリア人の誰は日本のことを黄金の国・ジパングと著したか,マルコ＝ポーロ,P294,2021/08/14
1297年に幕府は御家人に対して土地の売却を禁止するとともに御家人が売却して20年未満の土地を御家人に無償で返還することを求める何令を出したか,永仁の徳政令,P295,2021/08/14
鎌倉時代後半に朝廷に政治の実権を取り戻したいと考えていた誰は河内で勢力を伸ばしていた悪党の楠木正成を味方につけ討幕計画を立てていたか,後醍醐天皇,P295,2021/08/14
1334年何天皇は元号を建武と改めたか,後醍醐天皇,P297,2021/08/14
後醍醐天皇は天皇を中心とした新しい政治を始めた。このような政治の改革を何と呼ぶか,建武の新政,P297,2021/08/14
建武の新政に失望した武士たちの動きを見た誰は武士の政権の復活を呼びかけ兵を上げたか,足利尊氏,P297,2021/08/14
約60年間南北朝の対立が続いた時期をなんと呼ぶか,南北朝時代,P298,2021/08/14
足利氏の幕府をなんと呼ぶか,室町幕府,P298,2021/08/14
室町幕府の将軍を補佐する役職についた人を何と呼んでいたか,管領,P298,2021/08/14
鎌倉幕府三代将軍はだれか,足利義満,P299,2021/08/14
明との交易のことを日明貿易と呼ぶが他になんとも呼ばれていたか,勘合貿易,P299,2021/08/14
足利義満は京都の北山に何を造ったか,金閣,P299,2021/08/14
日本からやってきて貿易の強要や略奪を行うものは何と呼ばれ恐れられていたか,倭寇,P299,2021/08/14
足利義満は武士として2番めの何に任ぜられたか,太政大臣,P299,2021/08/14
1368年に朱元璋は何を建国したか,明,P300,2021/08/14
1392年に李成桂は何を建国したか,朝鮮,P300,2021/08/14
朝鮮の時代には何という独自の文字も生み出されたか,ハングル,P300,2021/08/14
15世紀初めに尚巴志は首里を都とする何を建国したか,琉球王国,P301,2021/08/14
琉球王国は海外の特産物を明に献上し、明はその返礼として与えられた生糸や絹織物を他国に転売するという何貿易で繁栄したか,中継貿易,P301,2021/08/14
蝦夷地には何民族が住んでいたか,アイヌ民族,P301,2021/08/14
室町時代には手工業者や商人は同業者組合である何を結成したか,座,P302,2021/08/14
鎌倉時代には宋銭が使われるようになったが室町時代にはいると何が使われるようになったか,明銭,P302,2021/08/14
室町時代に作られた村の有力者を中心にした自治組織を何と呼ぶか,惣(惣村),P303,2021/08/14
1428年に起こった何一揆では幕府に徳政令を出すように要求したか,正長の土一揆,P303,2021/08/14
徳政令を求める一揆のことをまとめて何と呼ぶか,土一揆,P303,2021/08/14
室町時代に富裕な商工業者を何と呼んでいたか,町衆,P304,2021/08/14
室町幕府8代将軍は誰か,足利義政,P304,2021/08/14